count_value,min_value,max_value,average_value,standard_deviation,median_value,p_10_value,p_25_value,p_75_value,p_90_value,time_metric,cohort_id,database_id
11,30,493,197.27272727272728,161.9414035440541,197,30,30,336,389,time (days) between cohort start and end,110,PREMIER
11,621,5129,2995.2727272727275,1478.220760976458,3483,864,1564,4063,4303,observation time (days) after index,110,PREMIER
11,28,5715,2726.909090909091,1655.457366080169,2433,1221,2047,3353,5442,observation time (days) prior to index,110,PREMIER
62,5,5569,2359.483870967742,1929.8691261321023,1983,196,438,3962,5353,time (days) between cohort start and end,121,PREMIER
62,5,5569,2359.483870967742,1929.8691261321023,1983,196,438,3962,5353,observation time (days) after index,121,PREMIER
62,0,5959,1822,1791.412035788309,1159,0,134,3272,4490,observation time (days) prior to index,121,PREMIER
156,0,47,4.403846153846154,6.676660210260474,1,0,0,7,13,time (days) between cohort start and end,122,PREMIER
156,0,5417,836.8846153846154,1284.6169955711212,206,5,14,997,2641,observation time (days) after index,122,PREMIER
156,0,6417,2421.019230769231,2156.4818884265324,1922,0,93,4449,5553,observation time (days) prior to index,122,PREMIER
106,0,52,2.792452830188679,8.821744759002717,0,0,0,0,6,time (days) between cohort start and end,123,PREMIER
106,6,5266,1038.0094339622642,1019.3230573023687,766,172,391,1350,2140,observation time (days) after index,123,PREMIER
106,0,6325,1852.566037735849,1792.372314739631,1169,181,519,3085,4592,observation time (days) prior to index,123,PREMIER
2,0,0,0,0,0,0,0,0,0,time (days) between cohort start and end,124,PREMIER
2,4658,5530,5094,616.5971131946694,4658,4658,4658,5530,5530,observation time (days) after index,124,PREMIER
2,0,133,66.5,94.04520189781083,0,0,0,133,133,observation time (days) prior to index,124,PREMIER
2,21,67,44,32.526911934581186,21,21,21,67,67,time (days) between cohort start and end,142,PREMIER
2,882,2283,1582.5,990.6566004423531,882,882,882,2283,2283,observation time (days) after index,142,PREMIER
2,0,4568,2284,3230.0637764601493,0,0,0,4568,4568,observation time (days) prior to index,142,PREMIER
710,3,326,6.922535211267606,15.142144524910794,4,3,4,4,11,time (days) between cohort start and end,143,PREMIER
710,0,5063,443.65211267605633,879.814585762211,15,0,0,431,1550,observation time (days) after index,143,PREMIER
710,0,6422,3129.8042253521126,2185.910732142574,3059,137,871,5171,6240,observation time (days) prior to index,143,PREMIER
314,3,264,11.656050955414013,23.925393457304985,4,4,4,8,29,time (days) between cohort start and end,144,PREMIER
314,0,5430,1768.1910828025477,1403.8555018519442,1411,100,608,2861,3789,observation time (days) after index,144,PREMIER
314,0,6413,3123.0987261146497,1938.0141510440358,3091,477,1240,4795,5600,observation time (days) prior to index,144,PREMIER
212,3,338,17.52358490566038,36.41199753293862,4,4,4,18,39,time (days) between cohort start and end,145,PREMIER
212,11,5543,2637.438679245283,1757.7804053885443,3046,245,831,4111,4981,observation time (days) after index,145,PREMIER
212,454,6315,3177.938679245283,1564.6736470632977,2885,1328,1887,4352,5733,observation time (days) prior to index,145,PREMIER
27,3,15,4.592592592592593,2.721131824178756,4,3,3,4,9,time (days) between cohort start and end,146,PREMIER
27,5,1197,585.3333333333334,393.3452192902076,644,64,155,962,1079,observation time (days) after index,146,PREMIER
27,30,5990,3892.4074074074074,1765.2478853877992,4568,1553,2157,5283,5848,observation time (days) prior to index,146,PREMIER
233,3,395,17.090128755364805,35.0312119018303,4,4,4,16,40,time (days) between cohort start and end,147,PREMIER
233,0,5357,1397.4206008583692,1323.3779479128596,1008,25,317,2389,3252,observation time (days) after index,147,PREMIER
233,0,6410,2282.9141630901286,1846.8268503067793,1797,148,688,3498,5284,observation time (days) prior to index,147,PREMIER
22,3,220,23.363636363636363,47.04257995693188,3,3,3,30,45,time (days) between cohort start and end,148,PREMIER
22,59,2443,1325.6818181818182,795.486995874892,1341,256,539,2174,2300,observation time (days) after index,148,PREMIER
22,3943,6363,5075.045454545455,807.7914910876402,4983,4086,4212,5883,6166,observation time (days) prior to index,148,PREMIER
2316,0,257,8.397236614853195,13.238639407202102,5,1,2,10,18,time (days) between cohort start and end,151,PREMIER
2316,0,6432,1575.4810017271157,1627.6623768551751,985,35,282,2383,4253,observation time (days) after index,151,PREMIER
2316,0,6428,2427.5798791018997,2040.887046400454,1950,19,505,4252,5553,observation time (days) prior to index,151,PREMIER
108,2,141,15.703703703703704,21.51472404285865,8,2,2,19,38,time (days) between cohort start and end,152,PREMIER
108,3,1253,311.49074074074076,381.9357604979007,96,7,16,594,921,observation time (days) after index,152,PREMIER
108,0,6413,3093.203703703704,2360.756122969013,2935,0,447,5329,6079,observation time (days) prior to index,152,PREMIER
15,2,54,16.6,17.195514365255676,10,2,2,32,39,time (days) between cohort start and end,153,PREMIER
15,5,1132,260.6666666666667,359.3527249825455,64,6,9,502,868,observation time (days) after index,153,PREMIER
15,0,5931,2396.5333333333333,2074.7264489795366,2095,0,14,4252,5007,observation time (days) prior to index,153,PREMIER
59,1,258,21.372881355932204,38.86488456048048,10,2,6,18,49,time (days) between cohort start and end,154,PREMIER
59,2,5508,1732.0169491525423,1711.8753629655587,1579,12,128,2874,4609,observation time (days) after index,154,PREMIER
59,0,6389,2230.423728813559,2098.2221555188084,1570,0,238,4124,5588,observation time (days) prior to index,154,PREMIER
30,2,175,23.833333333333332,37.733259209545004,9,2,2,28,52,time (days) between cohort start and end,155,PREMIER
30,3,1597,303.2,436.7647042705623,93,9,16,462,923,observation time (days) after index,155,PREMIER
30,0,6415,2771.8,2367.454611588369,2023,0,8,4843,5969,observation time (days) prior to index,155,PREMIER
54,2,235,18.537037037037038,44.200534856732716,2,2,2,11,49,time (days) between cohort start and end,156,PREMIER
54,3,4409,1382.8333333333333,1442.2450234087028,855,21,159,2288,4004,observation time (days) after index,156,PREMIER
54,0,6061,2090.185185185185,1740.820128495871,1570,62,464,3311,4337,observation time (days) prior to index,156,PREMIER
48,2,235,20.5,46.54487653775541,2,2,2,15,58,time (days) between cohort start and end,157,PREMIER
48,3,4409,1426.6458333333333,1508.6659104467005,841,20,153,2329,4038,observation time (days) after index,157,PREMIER
48,0,5899,2002.9791666666667,1625.7359248749713,1570,8,373,3242,3942,observation time (days) prior to index,157,PREMIER
107,1,173,16.252336448598133,21.556898584095528,10,2,5,18,40,time (days) between cohort start and end,159,PREMIER
107,4,4458,1028.4766355140187,956.875106159928,762,27,246,1480,2618,observation time (days) after index,159,PREMIER
107,0,6410,2998.0654205607475,2102.9181085224104,2965,0,891,4987,5831,observation time (days) prior to index,159,PREMIER
66,0,59,12.015151515151516,14.332848151380665,7,1,1,16,34,time (days) between cohort start and end,160,PREMIER
66,1,4452,918.1515151515151,997.3559081186653,527,14,115,1519,2044,observation time (days) after index,160,PREMIER
66,0,6410,3678.8030303030305,2045.2861241979886,4182,91,1956,5284,6020,observation time (days) prior to index,160,PREMIER
14,2,56,8.714285714285714,14.344275574536407,2,2,2,9,16,time (days) between cohort start and end,161,PREMIER
14,64,3712,1282.9285714285713,1026.1137636948235,1059,87,368,1946,2317,observation time (days) after index,161,PREMIER
14,141,6020,3399,1600.996612690406,3342,1371,2302,4686,4819,observation time (days) prior to index,161,PREMIER
35,1,57,15.542857142857143,16.946876958763294,8,2,4,22,50,time (days) between cohort start and end,162,PREMIER
35,7,4452,1104.4,1108.9181850688854,831,14,188,1716,2533,observation time (days) after index,162,PREMIER
35,0,6410,4112.4,1801.7939622367874,4610,1341,3076,5551,6020,observation time (days) prior to index,162,PREMIER
7,2,26,14.714285714285714,8.750510189207745,14,2,8,25,26,time (days) between cohort start and end,163,PREMIER
7,3,505,181.28571428571428,202.7779691236323,115,3,19,415,505,observation time (days) after index,163,PREMIER
7,0,6316,1804.142857142857,2241.7292751037407,1160,0,19,2844,6316,observation time (days) prior to index,163,PREMIER
13,0,53,6.153846153846154,14.898803944423156,0,0,0,1,15,time (days) between cohort start and end,164,PREMIER
13,0,53,6.153846153846154,14.898803944423156,0,0,0,1,15,observation time (days) after index,164,PREMIER
13,3,6357,2540.076923076923,2575.616413648665,1605,9,98,4948,6308,observation time (days) prior to index,164,PREMIER
19,1,327,52.63157894736842,96.57594048572219,2,2,2,33,233,time (days) between cohort start and end,170,PREMIER
19,4,5411,3157.6315789473683,1333.6366825974721,3731,1187,2079,4055,4320,observation time (days) after index,170,PREMIER
19,0,4492,2773.157894736842,1147.6847352221725,2594,950,2280,3589,4303,observation time (days) prior to index,170,PREMIER
18,3,147,20.22222222222222,34.286947534620666,6,3,3,21,57,time (days) between cohort start and end,171,PREMIER
18,434,5547,2444.4444444444443,1507.6235378986837,1819,818,1349,3490,5258,observation time (days) after index,171,PREMIER
18,421,4726,2760,1211.817109089632,2932,631,2113,3400,4267,observation time (days) prior to index,171,PREMIER
5,3,147,43,61.13918547053109,13,3,3,49,147,time (days) between cohort start and end,172,PREMIER
5,719,1820,1266.6,483.0701812366398,1224,719,882,1688,1820,observation time (days) after index,172,PREMIER
5,2588,4726,4055.8,853.8244550257389,4267,2588,4130,4568,4726,observation time (days) prior to index,172,PREMIER
3,6,8,7,1,7,6,6,8,8,time (days) between cohort start and end,174,PREMIER
3,25,2286,828.6666666666666,1264.3141750899313,175,25,25,2286,2286,observation time (days) after index,174,PREMIER
3,1103,4348,3216.3333333333335,1831.7364257265108,4198,1103,1103,4348,4348,observation time (days) prior to index,174,PREMIER
5,0,25,9.8,9.257429448826494,9,0,6,9,25,time (days) between cohort start and end,175,PREMIER
5,5,1818,494.4,761.7836306983762,173,5,20,456,1818,observation time (days) after index,175,PREMIER
5,527,6300,2565.2,2192.4099069289027,1889,527,1785,2325,6300,observation time (days) prior to index,175,PREMIER
327,7,463,26.541284403669724,42.87237418529439,9,8,8,26,59,time (days) between cohort start and end,176,PREMIER
327,0,5462,1355.0703363914374,1445.1686523336725,766,57,239,2007,3785,observation time (days) after index,176,PREMIER
327,366,6429,3283.993883792049,1783.6620735443455,3224,938,1726,4964,5814,observation time (days) prior to index,176,PREMIER
63,1,36,4.777777777777778,7.265571585632463,2,1,1,4,10,time (days) between cohort start and end,177,PREMIER
63,0,5501,1089.6666666666667,1245.6098389815897,806,10,97,1552,2379,observation time (days) after index,177,PREMIER
63,0,6410,2043.6507936507937,2041.3189613322365,1463,0,7,3754,5013,observation time (days) prior to index,177,PREMIER
778,1,650,7.658097686375322,35.873563433128616,1,1,1,1,17,time (days) between cohort start and end,178,PREMIER
778,0,5501,967.487146529563,802.6208712875207,812,27,261,1596,2069,observation time (days) after index,178,PREMIER
778,0,6418,2809.0372750642673,2053.8714330438615,2971,6,703,4588,5617,observation time (days) prior to index,178,PREMIER
503,1,288,17.821073558648113,26.059459157745003,9,2,5,18,43,time (days) between cohort start and end,181,PREMIER
503,13,5408,1283.5089463220677,1083.1664696691,1042,158,456,1800,2853,observation time (days) after index,181,PREMIER
503,0,6397,3044.473161033797,1841.5188935858391,3018,431,1423,4567,5684,observation time (days) prior to index,181,PREMIER
140,0,5622,1867.7357142857143,1612.1141649181368,1454,22,377,2748,4468,time (days) between cohort start and end,182,PREMIER
140,0,5622,1867.7357142857143,1612.1141649181368,1454,22,377,2748,4468,observation time (days) after index,182,PREMIER
140,0,6372,2371.285714285714,1835.434934775529,2139,0,864,3513,5136,observation time (days) prior to index,182,PREMIER
63,1,63,13.126984126984127,12.87219065935211,9,2,4,17,33,time (days) between cohort start and end,183,PREMIER
63,6,4714,1348.7777777777778,983.5639186544274,1215,259,640,1810,2395,observation time (days) after index,183,PREMIER
63,0,6248,3325.190476190476,1938.6928490954003,3872,341,1328,4934,5782,observation time (days) prior to index,183,PREMIER
13,2,3673,748,1060.0273581375152,213,11,66,1183,1651,time (days) between cohort start and end,184,PREMIER
13,2,3673,748,1060.0273581375152,213,11,66,1183,1651,observation time (days) after index,184,PREMIER
13,0,5163,1897.7692307692307,1590.9101249413889,1391,72,504,3072,3540,observation time (days) prior to index,184,PREMIER
12,7,42,11.666666666666666,11.300308389463082,7,7,7,7,28,time (days) between cohort start and end,185,PREMIER
12,8,2708,644.25,838.863963941711,230,19,27,719,1809,observation time (days) after index,185,PREMIER
12,0,4745,2658.0833333333335,2016.6211821817806,2302,0,0,4537,4648,observation time (days) prior to index,185,PREMIER
214,7,286,20.677570093457945,43.48799156123763,7,7,7,7,48,time (days) between cohort start and end,186,PREMIER
214,0,5264,1083.8691588785048,1175.5280390503901,690,10,88,1553,2901,observation time (days) after index,186,PREMIER
214,0,6411,2560.9532710280373,2114.511985488209,2439,0,413,4370,5449,observation time (days) prior to index,186,PREMIER
44,7,44,8.272727272727273,5.982002606126482,7,7,7,7,7,time (days) between cohort start and end,187,PREMIER
44,27,5508,1116.6818181818182,1357.0456072390677,487,104,157,1622,3378,observation time (days) after index,187,PREMIER
44,0,6090,2581.0227272727275,1953.0009167603603,2644,0,371,3862,5630,observation time (days) prior to index,187,PREMIER
3,0,53,17.666666666666668,30.599564267050166,0,0,0,53,53,time (days) between cohort start and end,188,PREMIER
3,0,53,17.666666666666668,30.599564267050166,0,0,0,53,53,observation time (days) after index,188,PREMIER
3,9,6357,2125,3665.0195088157443,9,9,9,6357,6357,observation time (days) prior to index,188,PREMIER
26,7,40,8.692307692307692,6.739550315973497,7,7,7,7,7,time (days) between cohort start and end,189,PREMIER
26,23,4727,1667.423076923077,1160.3963520479344,1560,571,810,1882,3441,observation time (days) after index,189,PREMIER
26,0,5915,3160.5,1772.018538277746,3403,0,2039,4545,5478,observation time (days) prior to index,189,PREMIER
107,7,388,14.411214953271028,41.29826011023472,7,7,7,7,8,time (days) between cohort start and end,190,PREMIER
107,0,5447,1175.785046728972,1471.4312441257268,594,6,54,1611,3672,observation time (days) after index,190,PREMIER
107,0,6403,2353.504672897196,2125.874804944711,1948,0,37,4307,5221,observation time (days) prior to index,190,PREMIER
74,7,388,14.905405405405405,46.65265674471546,7,7,7,7,8,time (days) between cohort start and end,191,PREMIER
74,1,5203,1298.337837837838,1448.2963943702773,797,12,87,1658,3672,observation time (days) after index,191,PREMIER
74,0,6213,2613.0675675675675,2088.150320857043,2447,0,478,4487,5303,observation time (days) prior to index,191,PREMIER
17,7,35,10.588235294117647,9.117694497030293,7,7,7,7,34,time (days) between cohort start and end,192,PREMIER
17,6,5264,853.4117647058823,1349.0374836723186,107,7,13,1315,2310,observation time (days) after index,192,PREMIER
17,0,6403,1608.235294117647,2067.9815197860135,711,0,0,2931,5221,observation time (days) prior to index,192,PREMIER
38,7,171,16.342105263157894,34.359212396810854,7,7,7,7,7,time (days) between cohort start and end,193,PREMIER
38,10,4576,1311.8947368421052,1175.9630622410443,1044,18,415,1882,3042,observation time (days) after index,193,PREMIER
38,0,6411,2286.7105263157896,2120.9365334222334,1820,0,123,4176,5389,observation time (days) prior to index,193,PREMIER
131,1,29,1.5648854961832062,3.6291538251757833,1,1,1,1,1,time (days) between cohort start and end,194,PREMIER
131,0,5508,1628.3893129770993,1604.0343731810885,1223,21,243,2372,4357,observation time (days) after index,194,PREMIER
131,0,6403,2016.5801526717557,2039.7217267000624,1271,0,135,3646,5020,observation time (days) prior to index,194,PREMIER
17,19,5191,2894.0588235294117,1667.74239132533,3339,340,1609,4141,5116,time (days) between cohort start and end,195,PREMIER
17,19,5191,2894.0588235294117,1667.74239132533,3339,340,1609,4141,5116,observation time (days) after index,195,PREMIER
17,442,4268,2558.470588235294,1085.8520339833979,2885,1013,1917,3311,3912,observation time (days) prior to index,195,PREMIER
