cohortId,checksum,timeStamp
126,6f88228e54d7538330c62c12f6ae58e4,2020-07-09T04:40:32Z
128,b4e3409ad1ecc13ed9c954a96ebb2ed9,2020-07-09T04:40:32Z
130,a15fa7fbc4268e48384b364d4380bb9f,2020-07-09T04:40:32Z
132,c15ae38396981f0bbdc1a7a3ed57b9b3,2020-07-09T04:40:32Z
134,5c4415ef1cd6ee228f0d1bd4edd06765,2020-07-09T04:40:34Z
136,aec7c3cc9b8e5dd5e9bcf21f8afba7ed,2020-07-09T04:40:42Z
138,52640629d2df95584895e3cd60c8959c,2020-07-09T04:40:43Z
140,5515e978033cca80429d55e1df6a6e03,2020-07-09T04:40:51Z
127,aaf5c357642716fc4ffbed25d6a7a43c,2020-07-09T04:40:51Z
129,d3b4666b96ac5e7f410f1e4d2369a1b6,2020-07-09T04:40:51Z
131,d1a65049649e4397b0195c9ed867fea6,2020-07-09T04:40:51Z
133,70e249aaff87fe16edb5a847e04d0083,2020-07-09T04:40:51Z
135,d0fc3deb746d72700b241551107612ee,2020-07-09T04:40:53Z
137,5ca4bfe31a80f516cfb20cf288249da3,2020-07-09T04:41:00Z
139,7c6fd1a969aee711925ccb1dd6d1e4dd,2020-07-09T04:41:01Z
141,29fb0dd4928474b63e2c56581be3a186,2020-07-09T04:41:09Z
111,7ce0a991b94e47266b73ce2e6aabf20d,2020-07-09T04:41:09Z
113,9781551dba5c4fa8018002bcef8b9049,2020-07-09T04:41:18Z
115,3acb4ccd079bc3121c101ea15a1ea310,2020-07-09T04:41:33Z
112,def5f8d9b92bb365734f986dc009bb3f,2020-07-09T04:41:33Z
114,e92f31954222bd6be17b611da161374f,2020-07-09T04:41:42Z
116,045e717477f48fb8c883bfd1d65e85f4,2020-07-09T04:41:57Z
100,2e417a5f3afd2a46a58818fb8829727e,2020-07-09T04:41:57Z
101,b41a16cec27a22fb19403f546d9101ff,2020-07-09T04:41:57Z
119,7e23b532e841429d2b488b9330dfd3ee,2020-07-09T04:41:58Z
120,3d1e4c94c8bb3dec0462d575e66b9a34,2020-07-09T04:42:00Z
102,ba857d16dffbcd4033ffd442d1b8c264,2020-07-09T04:42:05Z
103,5fe54c7ff80b8a3960de8056b6270465,2020-07-09T04:43:45Z
104,cb333f3397cec9ac0d88fa6831838696,2020-07-09T04:43:45Z
105,0b4c70243ba1cb2d1620c85561ecc5cb,2020-07-09T04:43:46Z
199,29bc8ab97e9ebad04f57a68ffc25e7ab,2020-07-09T04:43:51Z
106,b79badb841ca040296e0d92da230b353,2020-07-09T04:43:51Z
117,656f037635afeb31cd0d65d1c23caafa,2020-07-09T04:43:51Z
107,698270ae8acaf63f5d7ae4aa66dae9f9,2020-07-09T04:43:51Z
108,d1bb4db50014b28cebac2441d3b3e573,2020-07-09T04:43:51Z
109,1097dbe7b7c337ca8ecd1dd5741a3b1f,2020-07-09T04:43:52Z
125,1d2ad54d31ad0a6ee42397006ca00093,2020-07-09T04:43:52Z
118,aec4345a0b9ed992e659abc0e4f2764f,2020-07-09T04:43:52Z
200,7c4e799baf41c0f5898a64188ad0de7f,2020-07-09T04:43:53Z
203,057e890caceffcb31eefdf9517c14ade,2020-07-09T04:43:53Z
204,d2e78169d68eb412c74dfd1437fcc2f9,2020-07-09T04:43:53Z
205,820bc37feb6074e14a3ba70e7e288c54,2020-07-09T04:43:53Z
206,8eed91771ee02f8e5126fcfb4341de32,2020-07-09T04:43:53Z
121,552f440304b3134b5964b15425dcd48a,2020-07-09T04:43:54Z
122,838d716a0753e1d9f236f5a99761fdde,2020-07-09T04:43:54Z
123,b38ddd52cacf6c916e7fc48962f40ff0,2020-07-09T04:43:55Z
124,8e5fe283fd588baa405cbc3e6b78b7be,2020-07-09T04:43:55Z
110,6f7999735cc59a826e63df00569eecf0,2020-07-09T04:43:55Z
142,c0bb6b894adbac60b512595bfb456f91,2020-07-09T04:43:55Z
143,723d0ea835f9abdd82e2d4d5362b1733,2020-07-09T04:43:56Z
144,61b955734642786554b3203794077f52,2020-07-09T04:43:56Z
145,6c95686ee1fb1ed03e6a04f668d4a14a,2020-07-09T04:43:56Z
146,7cd34b37fa7b0497614376aacacc0a01,2020-07-09T04:43:56Z
147,abad1f7844d4a45d280e41576472505e,2020-07-09T04:43:56Z
148,33ebac69c8577e1ec265774a11f9a15d,2020-07-09T04:43:56Z
149,aae737cc342f415ebc7f9c4c9f14ca44,2020-07-09T04:43:56Z
150,a5d7a7bc130bd67e2d1ff64cea7dd736,2020-07-09T04:43:56Z
151,0d2d555c76df25917e29f430a53ef3bd,2020-07-09T04:43:57Z
152,5a24ca474d9a34d865da073e7c4c9518,2020-07-09T04:43:57Z
153,b7599a3193763a9f2c8cdd8d85ba6722,2020-07-09T04:43:57Z
154,56bd21b9863b41afd2bc6814203a396f,2020-07-09T04:43:57Z
155,d2c3e1a881fee1affceb81f1285f0289,2020-07-09T04:43:57Z
156,025362be1b3aa1f9737b02179b01c3e3,2020-07-09T04:43:58Z
157,880f712df2a680bcbfea9b3f6cc02380,2020-07-09T04:43:58Z
158,322db0d1526397a74f4247ddec3fe85c,2020-07-09T04:43:58Z
159,eb8ffeb30c375177e3202501375997ea,2020-07-09T04:43:58Z
160,0915582449c5b85a52917085e78f09ca,2020-07-09T04:43:58Z
161,c63e282184bd68ab0b36ce9de1159482,2020-07-09T04:43:58Z
162,3c8ddac5fb9bb57c7d70ba651d6dfc06,2020-07-09T04:43:59Z
163,c7481fbac3ceb6c545b69df3fa72faf8,2020-07-09T04:43:59Z
164,ac38fc81440d1b4b9e073d80b8f5e234,2020-07-09T04:43:59Z
165,968b9d68788ea3a400441214f5d022c0,2020-07-09T04:43:59Z
166,2e116760014e067370e005eb51919824,2020-07-09T04:43:59Z
167,4cd368b1b48f3b96be1767e10749aef0,2020-07-09T04:43:59Z
168,9d8dc742570146c7c08b3ec07765c4ad,2020-07-09T04:43:59Z
169,6a605fe878a4edf39e172a6816afa7e4,2020-07-09T04:43:59Z
170,8c10a0838692a9088dfc1d654974d43a,2020-07-09T04:43:59Z
171,836adecd86d874d28501dadcee52dec3,2020-07-09T04:43:59Z
172,27f561132dd1281d3ead650b94e8ba50,2020-07-09T04:44:00Z
173,c0a46e5514620991aff513895fcb05ec,2020-07-09T04:44:00Z
174,4fe63df216d47b8623c152b2ba55ce24,2020-07-09T04:44:00Z
175,ca3613c842eaffa1f645c848fced06e0,2020-07-09T04:44:00Z
176,99e9714c0f31368118a2f45164251384,2020-07-09T04:44:00Z
177,cd0bacf7c3899adf1910e333d8e92daf,2020-07-09T04:44:00Z
178,7d77ca93146102d514303dbb9189d908,2020-07-09T04:44:00Z
179,38571e24d14bd3e484975ab60a9d1838,2020-07-09T04:44:00Z
180,1371bfdc6c32ca541358d456eb5b27d6,2020-07-09T04:44:01Z
181,ea00a9ef29c76aff5d59a97a28295b6d,2020-07-09T04:46:13Z
182,367b97057824cb40606437af416a0908,2020-07-09T04:46:13Z
183,4e5f9e6f7e2c9bb106caaed93fd3b563,2020-07-09T04:46:13Z
184,1a350b2f63cc538b54484689f366cd26,2020-07-09T04:46:13Z
185,e48ac66873de1b15a2ee920a4b60bf27,2020-07-09T04:46:13Z
186,c8cead08cc1b5c59864083d36d1988f9,2020-07-09T04:46:14Z
187,996225df68294cb4c955eeb7e65f8a70,2020-07-09T04:46:14Z
188,de97aa46afda64eeb6e1a3b583ebb632,2020-07-09T04:46:14Z
189,d2d6a1f5640df4968f2dbb5e3f1d47e9,2020-07-09T04:46:15Z
190,d29db46477f7965c9b07f51757326573,2020-07-09T04:46:15Z
191,0e3f140d05d19dfb2a1ec858eb4f1c4a,2020-07-09T04:46:15Z
192,ed9d2b9e7648a1581867ce44835cdce3,2020-07-09T04:46:15Z
193,856d2a9e5848e26ed82f0e99993de1f5,2020-07-09T04:46:15Z
194,21acf9650f284770514b49e6d33853f3,2020-07-09T04:46:16Z
195,cac2862ed27ae561d477b039d1a1f2f9,2020-07-09T04:46:17Z
196,a989c67e0182cd31e4170fa52f51c72e,2020-07-09T04:46:17Z
197,01d73d192e31dd36f2d4c2bd804d359b,2020-07-09T04:46:17Z
198,28523809a69d7c624e6b1052571baf74,2020-07-09T04:46:18Z
201,c2f7d1523daebbdfff58bab6d7e35dd8,2020-07-09T04:52:33Z
202,fe67fecf4d2ca4cb69655e206c16283b,2020-07-09T04:52:34Z
