concept_id,concept_name,concept_count,cohort_id,database_id
3044141,Influenza virus A Ag [Presence] in Nasopharynx,-5,111,PREMIER
3044408,Influenza virus A+B Ag [Presence] in Nose,-5,111,PREMIER
3045831,Influenza virus B Ag [Presence] in Nasopharynx,-5,111,PREMIER
3044141,Influenza virus A Ag [Presence] in Nasopharynx,-5,112,PREMIER
3044408,Influenza virus A+B Ag [Presence] in Nose,-5,112,PREMIER
3045831,Influenza virus B Ag [Presence] in Nasopharynx,-5,112,PREMIER
262,Emergency Room and Inpatient Visit,-5,113,PREMIER
262,Emergency Room and Inpatient Visit,-5,114,PREMIER
