cohortId,task,checksum,timeStamp
126,getCohortCounts,6f88228e54d7538330c62c12f6ae58e4,2020-07-09T01:58:24Z
128,getCohortCounts,b4e3409ad1ecc13ed9c954a96ebb2ed9,2020-07-09T01:58:24Z
130,getCohortCounts,a15fa7fbc4268e48384b364d4380bb9f,2020-07-09T01:58:24Z
132,getCohortCounts,c15ae38396981f0bbdc1a7a3ed57b9b3,2020-07-09T01:58:24Z
134,getCohortCounts,5c4415ef1cd6ee228f0d1bd4edd06765,2020-07-09T01:58:24Z
136,getCohortCounts,aec7c3cc9b8e5dd5e9bcf21f8afba7ed,2020-07-09T01:58:24Z
138,getCohortCounts,52640629d2df95584895e3cd60c8959c,2020-07-09T01:58:24Z
140,getCohortCounts,5515e978033cca80429d55e1df6a6e03,2020-07-09T01:58:24Z
127,getCohortCounts,aaf5c357642716fc4ffbed25d6a7a43c,2020-07-09T01:58:24Z
129,getCohortCounts,d3b4666b96ac5e7f410f1e4d2369a1b6,2020-07-09T01:58:24Z
131,getCohortCounts,d1a65049649e4397b0195c9ed867fea6,2020-07-09T01:58:24Z
133,getCohortCounts,70e249aaff87fe16edb5a847e04d0083,2020-07-09T01:58:24Z
135,getCohortCounts,d0fc3deb746d72700b241551107612ee,2020-07-09T01:58:24Z
137,getCohortCounts,5ca4bfe31a80f516cfb20cf288249da3,2020-07-09T01:58:24Z
139,getCohortCounts,7c6fd1a969aee711925ccb1dd6d1e4dd,2020-07-09T01:58:24Z
141,getCohortCounts,29fb0dd4928474b63e2c56581be3a186,2020-07-09T01:58:24Z
126,runIncludedSourceConcepts,6f88228e54d7538330c62c12f6ae58e4,2020-07-09T01:58:26Z
128,runIncludedSourceConcepts,b4e3409ad1ecc13ed9c954a96ebb2ed9,2020-07-09T01:58:26Z
130,runIncludedSourceConcepts,a15fa7fbc4268e48384b364d4380bb9f,2020-07-09T01:58:26Z
132,runIncludedSourceConcepts,c15ae38396981f0bbdc1a7a3ed57b9b3,2020-07-09T01:58:26Z
134,runIncludedSourceConcepts,5c4415ef1cd6ee228f0d1bd4edd06765,2020-07-09T01:58:26Z
136,runIncludedSourceConcepts,aec7c3cc9b8e5dd5e9bcf21f8afba7ed,2020-07-09T01:58:26Z
138,runIncludedSourceConcepts,52640629d2df95584895e3cd60c8959c,2020-07-09T01:58:26Z
140,runIncludedSourceConcepts,5515e978033cca80429d55e1df6a6e03,2020-07-09T01:58:26Z
127,runIncludedSourceConcepts,aaf5c357642716fc4ffbed25d6a7a43c,2020-07-09T01:58:26Z
129,runIncludedSourceConcepts,d3b4666b96ac5e7f410f1e4d2369a1b6,2020-07-09T01:58:26Z
131,runIncludedSourceConcepts,d1a65049649e4397b0195c9ed867fea6,2020-07-09T01:58:26Z
133,runIncludedSourceConcepts,70e249aaff87fe16edb5a847e04d0083,2020-07-09T01:58:26Z
135,runIncludedSourceConcepts,d0fc3deb746d72700b241551107612ee,2020-07-09T01:58:26Z
137,runIncludedSourceConcepts,5ca4bfe31a80f516cfb20cf288249da3,2020-07-09T01:58:26Z
139,runIncludedSourceConcepts,7c6fd1a969aee711925ccb1dd6d1e4dd,2020-07-09T01:58:26Z
141,runIncludedSourceConcepts,29fb0dd4928474b63e2c56581be3a186,2020-07-09T01:58:26Z
126,runOrphanConcepts,6f88228e54d7538330c62c12f6ae58e4,2020-07-09T01:58:32Z
128,runOrphanConcepts,b4e3409ad1ecc13ed9c954a96ebb2ed9,2020-07-09T01:58:32Z
130,runOrphanConcepts,a15fa7fbc4268e48384b364d4380bb9f,2020-07-09T01:58:32Z
132,runOrphanConcepts,c15ae38396981f0bbdc1a7a3ed57b9b3,2020-07-09T01:58:32Z
134,runOrphanConcepts,5c4415ef1cd6ee228f0d1bd4edd06765,2020-07-09T01:58:32Z
136,runOrphanConcepts,aec7c3cc9b8e5dd5e9bcf21f8afba7ed,2020-07-09T01:58:32Z
138,runOrphanConcepts,52640629d2df95584895e3cd60c8959c,2020-07-09T01:58:32Z
140,runOrphanConcepts,5515e978033cca80429d55e1df6a6e03,2020-07-09T01:58:32Z
127,runOrphanConcepts,aaf5c357642716fc4ffbed25d6a7a43c,2020-07-09T01:58:32Z
129,runOrphanConcepts,d3b4666b96ac5e7f410f1e4d2369a1b6,2020-07-09T01:58:32Z
131,runOrphanConcepts,d1a65049649e4397b0195c9ed867fea6,2020-07-09T01:58:32Z
133,runOrphanConcepts,70e249aaff87fe16edb5a847e04d0083,2020-07-09T01:58:32Z
135,runOrphanConcepts,d0fc3deb746d72700b241551107612ee,2020-07-09T01:58:32Z
137,runOrphanConcepts,5ca4bfe31a80f516cfb20cf288249da3,2020-07-09T01:58:32Z
139,runOrphanConcepts,7c6fd1a969aee711925ccb1dd6d1e4dd,2020-07-09T01:58:32Z
141,runOrphanConcepts,29fb0dd4928474b63e2c56581be3a186,2020-07-09T01:58:32Z
126,runTimeDistributions,6f88228e54d7538330c62c12f6ae58e4,2020-07-09T01:58:40Z
128,runTimeDistributions,b4e3409ad1ecc13ed9c954a96ebb2ed9,2020-07-09T01:58:40Z
130,runTimeDistributions,a15fa7fbc4268e48384b364d4380bb9f,2020-07-09T01:58:40Z
132,runTimeDistributions,c15ae38396981f0bbdc1a7a3ed57b9b3,2020-07-09T01:58:40Z
134,runTimeDistributions,5c4415ef1cd6ee228f0d1bd4edd06765,2020-07-09T01:58:40Z
136,runTimeDistributions,aec7c3cc9b8e5dd5e9bcf21f8afba7ed,2020-07-09T01:58:40Z
138,runTimeDistributions,52640629d2df95584895e3cd60c8959c,2020-07-09T01:58:40Z
140,runTimeDistributions,5515e978033cca80429d55e1df6a6e03,2020-07-09T01:58:40Z
127,runTimeDistributions,aaf5c357642716fc4ffbed25d6a7a43c,2020-07-09T01:58:40Z
129,runTimeDistributions,d3b4666b96ac5e7f410f1e4d2369a1b6,2020-07-09T01:58:40Z
131,runTimeDistributions,d1a65049649e4397b0195c9ed867fea6,2020-07-09T01:58:40Z
133,runTimeDistributions,70e249aaff87fe16edb5a847e04d0083,2020-07-09T01:58:40Z
135,runTimeDistributions,d0fc3deb746d72700b241551107612ee,2020-07-09T01:58:40Z
137,runTimeDistributions,5ca4bfe31a80f516cfb20cf288249da3,2020-07-09T01:58:40Z
139,runTimeDistributions,7c6fd1a969aee711925ccb1dd6d1e4dd,2020-07-09T01:58:40Z
141,runTimeDistributions,29fb0dd4928474b63e2c56581be3a186,2020-07-09T01:58:40Z
126,runBreakdownIndexEvents,6f88228e54d7538330c62c12f6ae58e4,2020-07-09T01:58:43Z
128,runBreakdownIndexEvents,b4e3409ad1ecc13ed9c954a96ebb2ed9,2020-07-09T01:58:43Z
130,runBreakdownIndexEvents,a15fa7fbc4268e48384b364d4380bb9f,2020-07-09T01:58:43Z
132,runBreakdownIndexEvents,c15ae38396981f0bbdc1a7a3ed57b9b3,2020-07-09T01:58:43Z
134,runBreakdownIndexEvents,5c4415ef1cd6ee228f0d1bd4edd06765,2020-07-09T01:58:43Z
136,runBreakdownIndexEvents,aec7c3cc9b8e5dd5e9bcf21f8afba7ed,2020-07-09T01:58:43Z
138,runBreakdownIndexEvents,52640629d2df95584895e3cd60c8959c,2020-07-09T01:58:43Z
140,runBreakdownIndexEvents,5515e978033cca80429d55e1df6a6e03,2020-07-09T01:58:43Z
127,runBreakdownIndexEvents,aaf5c357642716fc4ffbed25d6a7a43c,2020-07-09T01:58:43Z
129,runBreakdownIndexEvents,d3b4666b96ac5e7f410f1e4d2369a1b6,2020-07-09T01:58:43Z
131,runBreakdownIndexEvents,d1a65049649e4397b0195c9ed867fea6,2020-07-09T01:58:43Z
133,runBreakdownIndexEvents,70e249aaff87fe16edb5a847e04d0083,2020-07-09T01:58:43Z
135,runBreakdownIndexEvents,d0fc3deb746d72700b241551107612ee,2020-07-09T01:58:43Z
137,runBreakdownIndexEvents,5ca4bfe31a80f516cfb20cf288249da3,2020-07-09T01:58:43Z
139,runBreakdownIndexEvents,7c6fd1a969aee711925ccb1dd6d1e4dd,2020-07-09T01:58:43Z
141,runBreakdownIndexEvents,29fb0dd4928474b63e2c56581be3a186,2020-07-09T01:58:43Z
126,runIncidenceRate,6f88228e54d7538330c62c12f6ae58e4,2020-07-09T01:58:47Z
128,runIncidenceRate,b4e3409ad1ecc13ed9c954a96ebb2ed9,2020-07-09T01:58:47Z
130,runIncidenceRate,a15fa7fbc4268e48384b364d4380bb9f,2020-07-09T01:58:47Z
132,runIncidenceRate,c15ae38396981f0bbdc1a7a3ed57b9b3,2020-07-09T01:58:47Z
134,runIncidenceRate,5c4415ef1cd6ee228f0d1bd4edd06765,2020-07-09T01:58:47Z
136,runIncidenceRate,aec7c3cc9b8e5dd5e9bcf21f8afba7ed,2020-07-09T01:58:47Z
138,runIncidenceRate,52640629d2df95584895e3cd60c8959c,2020-07-09T01:58:47Z
140,runIncidenceRate,5515e978033cca80429d55e1df6a6e03,2020-07-09T01:58:47Z
127,runIncidenceRate,aaf5c357642716fc4ffbed25d6a7a43c,2020-07-09T01:58:47Z
129,runIncidenceRate,d3b4666b96ac5e7f410f1e4d2369a1b6,2020-07-09T01:58:47Z
131,runIncidenceRate,d1a65049649e4397b0195c9ed867fea6,2020-07-09T01:58:47Z
133,runIncidenceRate,70e249aaff87fe16edb5a847e04d0083,2020-07-09T01:58:47Z
135,runIncidenceRate,d0fc3deb746d72700b241551107612ee,2020-07-09T01:58:47Z
137,runIncidenceRate,5ca4bfe31a80f516cfb20cf288249da3,2020-07-09T01:58:47Z
139,runIncidenceRate,7c6fd1a969aee711925ccb1dd6d1e4dd,2020-07-09T01:58:47Z
141,runIncidenceRate,29fb0dd4928474b63e2c56581be3a186,2020-07-09T01:58:47Z
111,getCohortCounts,7ce0a991b94e47266b73ce2e6aabf20d,2020-07-09T01:58:47Z
113,getCohortCounts,9781551dba5c4fa8018002bcef8b9049,2020-07-09T01:58:47Z
115,getCohortCounts,3acb4ccd079bc3121c101ea15a1ea310,2020-07-09T01:58:47Z
112,getCohortCounts,def5f8d9b92bb365734f986dc009bb3f,2020-07-09T01:58:47Z
114,getCohortCounts,e92f31954222bd6be17b611da161374f,2020-07-09T01:58:47Z
116,getCohortCounts,045e717477f48fb8c883bfd1d65e85f4,2020-07-09T01:58:47Z
111,runIncludedSourceConcepts,7ce0a991b94e47266b73ce2e6aabf20d,2020-07-09T01:58:49Z
113,runIncludedSourceConcepts,9781551dba5c4fa8018002bcef8b9049,2020-07-09T01:58:49Z
115,runIncludedSourceConcepts,3acb4ccd079bc3121c101ea15a1ea310,2020-07-09T01:58:49Z
112,runIncludedSourceConcepts,def5f8d9b92bb365734f986dc009bb3f,2020-07-09T01:58:49Z
114,runIncludedSourceConcepts,e92f31954222bd6be17b611da161374f,2020-07-09T01:58:49Z
116,runIncludedSourceConcepts,045e717477f48fb8c883bfd1d65e85f4,2020-07-09T01:58:49Z
111,runOrphanConcepts,7ce0a991b94e47266b73ce2e6aabf20d,2020-07-09T01:58:55Z
113,runOrphanConcepts,9781551dba5c4fa8018002bcef8b9049,2020-07-09T01:58:55Z
115,runOrphanConcepts,3acb4ccd079bc3121c101ea15a1ea310,2020-07-09T01:58:55Z
112,runOrphanConcepts,def5f8d9b92bb365734f986dc009bb3f,2020-07-09T01:58:55Z
114,runOrphanConcepts,e92f31954222bd6be17b611da161374f,2020-07-09T01:58:55Z
116,runOrphanConcepts,045e717477f48fb8c883bfd1d65e85f4,2020-07-09T01:58:55Z
111,runTimeDistributions,7ce0a991b94e47266b73ce2e6aabf20d,2020-07-09T01:58:58Z
113,runTimeDistributions,9781551dba5c4fa8018002bcef8b9049,2020-07-09T01:58:58Z
115,runTimeDistributions,3acb4ccd079bc3121c101ea15a1ea310,2020-07-09T01:58:58Z
112,runTimeDistributions,def5f8d9b92bb365734f986dc009bb3f,2020-07-09T01:58:58Z
114,runTimeDistributions,e92f31954222bd6be17b611da161374f,2020-07-09T01:58:58Z
116,runTimeDistributions,045e717477f48fb8c883bfd1d65e85f4,2020-07-09T01:58:58Z
111,runBreakdownIndexEvents,7ce0a991b94e47266b73ce2e6aabf20d,2020-07-09T01:58:59Z
113,runBreakdownIndexEvents,9781551dba5c4fa8018002bcef8b9049,2020-07-09T01:58:59Z
115,runBreakdownIndexEvents,3acb4ccd079bc3121c101ea15a1ea310,2020-07-09T01:58:59Z
112,runBreakdownIndexEvents,def5f8d9b92bb365734f986dc009bb3f,2020-07-09T01:58:59Z
114,runBreakdownIndexEvents,e92f31954222bd6be17b611da161374f,2020-07-09T01:58:59Z
116,runBreakdownIndexEvents,045e717477f48fb8c883bfd1d65e85f4,2020-07-09T01:58:59Z
111,runIncidenceRate,7ce0a991b94e47266b73ce2e6aabf20d,2020-07-09T01:59:01Z
113,runIncidenceRate,9781551dba5c4fa8018002bcef8b9049,2020-07-09T01:59:01Z
115,runIncidenceRate,3acb4ccd079bc3121c101ea15a1ea310,2020-07-09T01:59:01Z
112,runIncidenceRate,def5f8d9b92bb365734f986dc009bb3f,2020-07-09T01:59:01Z
114,runIncidenceRate,e92f31954222bd6be17b611da161374f,2020-07-09T01:59:01Z
116,runIncidenceRate,045e717477f48fb8c883bfd1d65e85f4,2020-07-09T01:59:01Z
100,getCohortCounts,2e417a5f3afd2a46a58818fb8829727e,2020-07-09T01:59:01Z
101,getCohortCounts,b41a16cec27a22fb19403f546d9101ff,2020-07-09T01:59:01Z
119,getCohortCounts,7e23b532e841429d2b488b9330dfd3ee,2020-07-09T01:59:01Z
120,getCohortCounts,3d1e4c94c8bb3dec0462d575e66b9a34,2020-07-09T01:59:01Z
102,getCohortCounts,ba857d16dffbcd4033ffd442d1b8c264,2020-07-09T01:59:01Z
103,getCohortCounts,5fe54c7ff80b8a3960de8056b6270465,2020-07-09T01:59:01Z
104,getCohortCounts,cb333f3397cec9ac0d88fa6831838696,2020-07-09T01:59:01Z
105,getCohortCounts,0b4c70243ba1cb2d1620c85561ecc5cb,2020-07-09T01:59:01Z
199,getCohortCounts,29bc8ab97e9ebad04f57a68ffc25e7ab,2020-07-09T01:59:01Z
106,getCohortCounts,b79badb841ca040296e0d92da230b353,2020-07-09T01:59:01Z
117,getCohortCounts,656f037635afeb31cd0d65d1c23caafa,2020-07-09T01:59:01Z
107,getCohortCounts,698270ae8acaf63f5d7ae4aa66dae9f9,2020-07-09T01:59:01Z
108,getCohortCounts,d1bb4db50014b28cebac2441d3b3e573,2020-07-09T01:59:01Z
109,getCohortCounts,1097dbe7b7c337ca8ecd1dd5741a3b1f,2020-07-09T01:59:01Z
125,getCohortCounts,1d2ad54d31ad0a6ee42397006ca00093,2020-07-09T01:59:01Z
118,getCohortCounts,aec4345a0b9ed992e659abc0e4f2764f,2020-07-09T01:59:01Z
200,getCohortCounts,7c4e799baf41c0f5898a64188ad0de7f,2020-07-09T01:59:01Z
203,getCohortCounts,057e890caceffcb31eefdf9517c14ade,2020-07-09T01:59:01Z
204,getCohortCounts,d2e78169d68eb412c74dfd1437fcc2f9,2020-07-09T01:59:01Z
205,getCohortCounts,820bc37feb6074e14a3ba70e7e288c54,2020-07-09T01:59:01Z
206,getCohortCounts,8eed91771ee02f8e5126fcfb4341de32,2020-07-09T01:59:01Z
100,runIncludedSourceConcepts,2e417a5f3afd2a46a58818fb8829727e,2020-07-09T01:59:07Z
101,runIncludedSourceConcepts,b41a16cec27a22fb19403f546d9101ff,2020-07-09T01:59:07Z
119,runIncludedSourceConcepts,7e23b532e841429d2b488b9330dfd3ee,2020-07-09T01:59:07Z
120,runIncludedSourceConcepts,3d1e4c94c8bb3dec0462d575e66b9a34,2020-07-09T01:59:07Z
102,runIncludedSourceConcepts,ba857d16dffbcd4033ffd442d1b8c264,2020-07-09T01:59:07Z
103,runIncludedSourceConcepts,5fe54c7ff80b8a3960de8056b6270465,2020-07-09T01:59:07Z
104,runIncludedSourceConcepts,cb333f3397cec9ac0d88fa6831838696,2020-07-09T01:59:07Z
105,runIncludedSourceConcepts,0b4c70243ba1cb2d1620c85561ecc5cb,2020-07-09T01:59:07Z
199,runIncludedSourceConcepts,29bc8ab97e9ebad04f57a68ffc25e7ab,2020-07-09T01:59:07Z
106,runIncludedSourceConcepts,b79badb841ca040296e0d92da230b353,2020-07-09T01:59:07Z
117,runIncludedSourceConcepts,656f037635afeb31cd0d65d1c23caafa,2020-07-09T01:59:07Z
107,runIncludedSourceConcepts,698270ae8acaf63f5d7ae4aa66dae9f9,2020-07-09T01:59:07Z
108,runIncludedSourceConcepts,d1bb4db50014b28cebac2441d3b3e573,2020-07-09T01:59:07Z
109,runIncludedSourceConcepts,1097dbe7b7c337ca8ecd1dd5741a3b1f,2020-07-09T01:59:07Z
125,runIncludedSourceConcepts,1d2ad54d31ad0a6ee42397006ca00093,2020-07-09T01:59:07Z
118,runIncludedSourceConcepts,aec4345a0b9ed992e659abc0e4f2764f,2020-07-09T01:59:07Z
200,runIncludedSourceConcepts,7c4e799baf41c0f5898a64188ad0de7f,2020-07-09T01:59:07Z
203,runIncludedSourceConcepts,057e890caceffcb31eefdf9517c14ade,2020-07-09T01:59:07Z
204,runIncludedSourceConcepts,d2e78169d68eb412c74dfd1437fcc2f9,2020-07-09T01:59:07Z
205,runIncludedSourceConcepts,820bc37feb6074e14a3ba70e7e288c54,2020-07-09T01:59:07Z
206,runIncludedSourceConcepts,8eed91771ee02f8e5126fcfb4341de32,2020-07-09T01:59:07Z
100,runOrphanConcepts,2e417a5f3afd2a46a58818fb8829727e,2020-07-09T02:00:29Z
101,runOrphanConcepts,b41a16cec27a22fb19403f546d9101ff,2020-07-09T02:00:29Z
119,runOrphanConcepts,7e23b532e841429d2b488b9330dfd3ee,2020-07-09T02:00:29Z
120,runOrphanConcepts,3d1e4c94c8bb3dec0462d575e66b9a34,2020-07-09T02:00:29Z
102,runOrphanConcepts,ba857d16dffbcd4033ffd442d1b8c264,2020-07-09T02:00:29Z
103,runOrphanConcepts,5fe54c7ff80b8a3960de8056b6270465,2020-07-09T02:00:29Z
104,runOrphanConcepts,cb333f3397cec9ac0d88fa6831838696,2020-07-09T02:00:29Z
105,runOrphanConcepts,0b4c70243ba1cb2d1620c85561ecc5cb,2020-07-09T02:00:29Z
199,runOrphanConcepts,29bc8ab97e9ebad04f57a68ffc25e7ab,2020-07-09T02:00:29Z
106,runOrphanConcepts,b79badb841ca040296e0d92da230b353,2020-07-09T02:00:29Z
117,runOrphanConcepts,656f037635afeb31cd0d65d1c23caafa,2020-07-09T02:00:29Z
107,runOrphanConcepts,698270ae8acaf63f5d7ae4aa66dae9f9,2020-07-09T02:00:29Z
108,runOrphanConcepts,d1bb4db50014b28cebac2441d3b3e573,2020-07-09T02:00:29Z
109,runOrphanConcepts,1097dbe7b7c337ca8ecd1dd5741a3b1f,2020-07-09T02:00:29Z
125,runOrphanConcepts,1d2ad54d31ad0a6ee42397006ca00093,2020-07-09T02:00:29Z
118,runOrphanConcepts,aec4345a0b9ed992e659abc0e4f2764f,2020-07-09T02:00:29Z
200,runOrphanConcepts,7c4e799baf41c0f5898a64188ad0de7f,2020-07-09T02:00:29Z
203,runOrphanConcepts,057e890caceffcb31eefdf9517c14ade,2020-07-09T02:00:29Z
204,runOrphanConcepts,d2e78169d68eb412c74dfd1437fcc2f9,2020-07-09T02:00:29Z
205,runOrphanConcepts,820bc37feb6074e14a3ba70e7e288c54,2020-07-09T02:00:29Z
206,runOrphanConcepts,8eed91771ee02f8e5126fcfb4341de32,2020-07-09T02:00:29Z
100,runTimeDistributions,2e417a5f3afd2a46a58818fb8829727e,2020-07-09T02:00:45Z
101,runTimeDistributions,b41a16cec27a22fb19403f546d9101ff,2020-07-09T02:00:45Z
119,runTimeDistributions,7e23b532e841429d2b488b9330dfd3ee,2020-07-09T02:00:45Z
120,runTimeDistributions,3d1e4c94c8bb3dec0462d575e66b9a34,2020-07-09T02:00:45Z
102,runTimeDistributions,ba857d16dffbcd4033ffd442d1b8c264,2020-07-09T02:00:45Z
103,runTimeDistributions,5fe54c7ff80b8a3960de8056b6270465,2020-07-09T02:00:45Z
104,runTimeDistributions,cb333f3397cec9ac0d88fa6831838696,2020-07-09T02:00:45Z
105,runTimeDistributions,0b4c70243ba1cb2d1620c85561ecc5cb,2020-07-09T02:00:45Z
199,runTimeDistributions,29bc8ab97e9ebad04f57a68ffc25e7ab,2020-07-09T02:00:45Z
106,runTimeDistributions,b79badb841ca040296e0d92da230b353,2020-07-09T02:00:45Z
117,runTimeDistributions,656f037635afeb31cd0d65d1c23caafa,2020-07-09T02:00:45Z
107,runTimeDistributions,698270ae8acaf63f5d7ae4aa66dae9f9,2020-07-09T02:00:45Z
108,runTimeDistributions,d1bb4db50014b28cebac2441d3b3e573,2020-07-09T02:00:45Z
109,runTimeDistributions,1097dbe7b7c337ca8ecd1dd5741a3b1f,2020-07-09T02:00:45Z
125,runTimeDistributions,1d2ad54d31ad0a6ee42397006ca00093,2020-07-09T02:00:45Z
118,runTimeDistributions,aec4345a0b9ed992e659abc0e4f2764f,2020-07-09T02:00:45Z
200,runTimeDistributions,7c4e799baf41c0f5898a64188ad0de7f,2020-07-09T02:00:45Z
203,runTimeDistributions,057e890caceffcb31eefdf9517c14ade,2020-07-09T02:00:45Z
204,runTimeDistributions,d2e78169d68eb412c74dfd1437fcc2f9,2020-07-09T02:00:45Z
205,runTimeDistributions,820bc37feb6074e14a3ba70e7e288c54,2020-07-09T02:00:45Z
206,runTimeDistributions,8eed91771ee02f8e5126fcfb4341de32,2020-07-09T02:00:45Z
100,runBreakdownIndexEvents,2e417a5f3afd2a46a58818fb8829727e,2020-07-09T02:00:53Z
101,runBreakdownIndexEvents,b41a16cec27a22fb19403f546d9101ff,2020-07-09T02:00:53Z
119,runBreakdownIndexEvents,7e23b532e841429d2b488b9330dfd3ee,2020-07-09T02:00:53Z
120,runBreakdownIndexEvents,3d1e4c94c8bb3dec0462d575e66b9a34,2020-07-09T02:00:53Z
102,runBreakdownIndexEvents,ba857d16dffbcd4033ffd442d1b8c264,2020-07-09T02:00:53Z
103,runBreakdownIndexEvents,5fe54c7ff80b8a3960de8056b6270465,2020-07-09T02:00:53Z
104,runBreakdownIndexEvents,cb333f3397cec9ac0d88fa6831838696,2020-07-09T02:00:53Z
105,runBreakdownIndexEvents,0b4c70243ba1cb2d1620c85561ecc5cb,2020-07-09T02:00:53Z
199,runBreakdownIndexEvents,29bc8ab97e9ebad04f57a68ffc25e7ab,2020-07-09T02:00:53Z
106,runBreakdownIndexEvents,b79badb841ca040296e0d92da230b353,2020-07-09T02:00:53Z
117,runBreakdownIndexEvents,656f037635afeb31cd0d65d1c23caafa,2020-07-09T02:00:53Z
107,runBreakdownIndexEvents,698270ae8acaf63f5d7ae4aa66dae9f9,2020-07-09T02:00:53Z
108,runBreakdownIndexEvents,d1bb4db50014b28cebac2441d3b3e573,2020-07-09T02:00:53Z
109,runBreakdownIndexEvents,1097dbe7b7c337ca8ecd1dd5741a3b1f,2020-07-09T02:00:53Z
125,runBreakdownIndexEvents,1d2ad54d31ad0a6ee42397006ca00093,2020-07-09T02:00:53Z
118,runBreakdownIndexEvents,aec4345a0b9ed992e659abc0e4f2764f,2020-07-09T02:00:53Z
200,runBreakdownIndexEvents,7c4e799baf41c0f5898a64188ad0de7f,2020-07-09T02:00:53Z
203,runBreakdownIndexEvents,057e890caceffcb31eefdf9517c14ade,2020-07-09T02:00:53Z
204,runBreakdownIndexEvents,d2e78169d68eb412c74dfd1437fcc2f9,2020-07-09T02:00:53Z
205,runBreakdownIndexEvents,820bc37feb6074e14a3ba70e7e288c54,2020-07-09T02:00:53Z
206,runBreakdownIndexEvents,8eed91771ee02f8e5126fcfb4341de32,2020-07-09T02:00:53Z
100,runIncidenceRate,2e417a5f3afd2a46a58818fb8829727e,2020-07-09T02:01:01Z
101,runIncidenceRate,b41a16cec27a22fb19403f546d9101ff,2020-07-09T02:01:01Z
119,runIncidenceRate,7e23b532e841429d2b488b9330dfd3ee,2020-07-09T02:01:01Z
120,runIncidenceRate,3d1e4c94c8bb3dec0462d575e66b9a34,2020-07-09T02:01:01Z
102,runIncidenceRate,ba857d16dffbcd4033ffd442d1b8c264,2020-07-09T02:01:01Z
103,runIncidenceRate,5fe54c7ff80b8a3960de8056b6270465,2020-07-09T02:01:01Z
104,runIncidenceRate,cb333f3397cec9ac0d88fa6831838696,2020-07-09T02:01:01Z
105,runIncidenceRate,0b4c70243ba1cb2d1620c85561ecc5cb,2020-07-09T02:01:01Z
199,runIncidenceRate,29bc8ab97e9ebad04f57a68ffc25e7ab,2020-07-09T02:01:01Z
106,runIncidenceRate,b79badb841ca040296e0d92da230b353,2020-07-09T02:01:01Z
117,runIncidenceRate,656f037635afeb31cd0d65d1c23caafa,2020-07-09T02:01:01Z
107,runIncidenceRate,698270ae8acaf63f5d7ae4aa66dae9f9,2020-07-09T02:01:01Z
108,runIncidenceRate,d1bb4db50014b28cebac2441d3b3e573,2020-07-09T02:01:01Z
109,runIncidenceRate,1097dbe7b7c337ca8ecd1dd5741a3b1f,2020-07-09T02:01:01Z
125,runIncidenceRate,1d2ad54d31ad0a6ee42397006ca00093,2020-07-09T02:01:01Z
118,runIncidenceRate,aec4345a0b9ed992e659abc0e4f2764f,2020-07-09T02:01:01Z
200,runIncidenceRate,7c4e799baf41c0f5898a64188ad0de7f,2020-07-09T02:01:01Z
203,runIncidenceRate,057e890caceffcb31eefdf9517c14ade,2020-07-09T02:01:01Z
204,runIncidenceRate,d2e78169d68eb412c74dfd1437fcc2f9,2020-07-09T02:01:01Z
205,runIncidenceRate,820bc37feb6074e14a3ba70e7e288c54,2020-07-09T02:01:01Z
206,runIncidenceRate,8eed91771ee02f8e5126fcfb4341de32,2020-07-09T02:01:01Z
121,getCohortCounts,552f440304b3134b5964b15425dcd48a,2020-07-09T02:01:01Z
122,getCohortCounts,838d716a0753e1d9f236f5a99761fdde,2020-07-09T02:01:01Z
123,getCohortCounts,b38ddd52cacf6c916e7fc48962f40ff0,2020-07-09T02:01:01Z
124,getCohortCounts,8e5fe283fd588baa405cbc3e6b78b7be,2020-07-09T02:01:01Z
110,getCohortCounts,6f7999735cc59a826e63df00569eecf0,2020-07-09T02:01:01Z
142,getCohortCounts,c0bb6b894adbac60b512595bfb456f91,2020-07-09T02:01:01Z
143,getCohortCounts,723d0ea835f9abdd82e2d4d5362b1733,2020-07-09T02:01:01Z
144,getCohortCounts,61b955734642786554b3203794077f52,2020-07-09T02:01:01Z
145,getCohortCounts,6c95686ee1fb1ed03e6a04f668d4a14a,2020-07-09T02:01:01Z
146,getCohortCounts,7cd34b37fa7b0497614376aacacc0a01,2020-07-09T02:01:01Z
147,getCohortCounts,abad1f7844d4a45d280e41576472505e,2020-07-09T02:01:01Z
148,getCohortCounts,33ebac69c8577e1ec265774a11f9a15d,2020-07-09T02:01:01Z
149,getCohortCounts,aae737cc342f415ebc7f9c4c9f14ca44,2020-07-09T02:01:01Z
150,getCohortCounts,a5d7a7bc130bd67e2d1ff64cea7dd736,2020-07-09T02:01:01Z
151,getCohortCounts,0d2d555c76df25917e29f430a53ef3bd,2020-07-09T02:01:01Z
152,getCohortCounts,5a24ca474d9a34d865da073e7c4c9518,2020-07-09T02:01:01Z
153,getCohortCounts,b7599a3193763a9f2c8cdd8d85ba6722,2020-07-09T02:01:01Z
154,getCohortCounts,56bd21b9863b41afd2bc6814203a396f,2020-07-09T02:01:01Z
155,getCohortCounts,d2c3e1a881fee1affceb81f1285f0289,2020-07-09T02:01:01Z
156,getCohortCounts,025362be1b3aa1f9737b02179b01c3e3,2020-07-09T02:01:01Z
157,getCohortCounts,880f712df2a680bcbfea9b3f6cc02380,2020-07-09T02:01:01Z
158,getCohortCounts,322db0d1526397a74f4247ddec3fe85c,2020-07-09T02:01:01Z
159,getCohortCounts,eb8ffeb30c375177e3202501375997ea,2020-07-09T02:01:01Z
160,getCohortCounts,0915582449c5b85a52917085e78f09ca,2020-07-09T02:01:01Z
161,getCohortCounts,c63e282184bd68ab0b36ce9de1159482,2020-07-09T02:01:01Z
162,getCohortCounts,3c8ddac5fb9bb57c7d70ba651d6dfc06,2020-07-09T02:01:01Z
163,getCohortCounts,c7481fbac3ceb6c545b69df3fa72faf8,2020-07-09T02:01:01Z
164,getCohortCounts,ac38fc81440d1b4b9e073d80b8f5e234,2020-07-09T02:01:01Z
165,getCohortCounts,968b9d68788ea3a400441214f5d022c0,2020-07-09T02:01:01Z
166,getCohortCounts,2e116760014e067370e005eb51919824,2020-07-09T02:01:01Z
167,getCohortCounts,4cd368b1b48f3b96be1767e10749aef0,2020-07-09T02:01:01Z
168,getCohortCounts,9d8dc742570146c7c08b3ec07765c4ad,2020-07-09T02:01:01Z
169,getCohortCounts,6a605fe878a4edf39e172a6816afa7e4,2020-07-09T02:01:01Z
170,getCohortCounts,8c10a0838692a9088dfc1d654974d43a,2020-07-09T02:01:01Z
171,getCohortCounts,836adecd86d874d28501dadcee52dec3,2020-07-09T02:01:01Z
172,getCohortCounts,27f561132dd1281d3ead650b94e8ba50,2020-07-09T02:01:01Z
173,getCohortCounts,c0a46e5514620991aff513895fcb05ec,2020-07-09T02:01:01Z
174,getCohortCounts,4fe63df216d47b8623c152b2ba55ce24,2020-07-09T02:01:01Z
175,getCohortCounts,ca3613c842eaffa1f645c848fced06e0,2020-07-09T02:01:01Z
176,getCohortCounts,99e9714c0f31368118a2f45164251384,2020-07-09T02:01:01Z
177,getCohortCounts,cd0bacf7c3899adf1910e333d8e92daf,2020-07-09T02:01:01Z
178,getCohortCounts,7d77ca93146102d514303dbb9189d908,2020-07-09T02:01:01Z
179,getCohortCounts,38571e24d14bd3e484975ab60a9d1838,2020-07-09T02:01:01Z
180,getCohortCounts,1371bfdc6c32ca541358d456eb5b27d6,2020-07-09T02:01:01Z
181,getCohortCounts,ea00a9ef29c76aff5d59a97a28295b6d,2020-07-09T02:01:01Z
182,getCohortCounts,367b97057824cb40606437af416a0908,2020-07-09T02:01:01Z
183,getCohortCounts,4e5f9e6f7e2c9bb106caaed93fd3b563,2020-07-09T02:01:01Z
184,getCohortCounts,1a350b2f63cc538b54484689f366cd26,2020-07-09T02:01:01Z
185,getCohortCounts,e48ac66873de1b15a2ee920a4b60bf27,2020-07-09T02:01:01Z
186,getCohortCounts,c8cead08cc1b5c59864083d36d1988f9,2020-07-09T02:01:01Z
187,getCohortCounts,996225df68294cb4c955eeb7e65f8a70,2020-07-09T02:01:01Z
188,getCohortCounts,de97aa46afda64eeb6e1a3b583ebb632,2020-07-09T02:01:01Z
189,getCohortCounts,d2d6a1f5640df4968f2dbb5e3f1d47e9,2020-07-09T02:01:01Z
190,getCohortCounts,d29db46477f7965c9b07f51757326573,2020-07-09T02:01:01Z
191,getCohortCounts,0e3f140d05d19dfb2a1ec858eb4f1c4a,2020-07-09T02:01:01Z
192,getCohortCounts,ed9d2b9e7648a1581867ce44835cdce3,2020-07-09T02:01:01Z
193,getCohortCounts,856d2a9e5848e26ed82f0e99993de1f5,2020-07-09T02:01:01Z
194,getCohortCounts,21acf9650f284770514b49e6d33853f3,2020-07-09T02:01:01Z
195,getCohortCounts,cac2862ed27ae561d477b039d1a1f2f9,2020-07-09T02:01:01Z
196,getCohortCounts,a989c67e0182cd31e4170fa52f51c72e,2020-07-09T02:01:01Z
197,getCohortCounts,01d73d192e31dd36f2d4c2bd804d359b,2020-07-09T02:01:01Z
198,getCohortCounts,28523809a69d7c624e6b1052571baf74,2020-07-09T02:01:01Z
121,runIncludedSourceConcepts,552f440304b3134b5964b15425dcd48a,2020-07-09T02:01:04Z
122,runIncludedSourceConcepts,838d716a0753e1d9f236f5a99761fdde,2020-07-09T02:01:04Z
123,runIncludedSourceConcepts,b38ddd52cacf6c916e7fc48962f40ff0,2020-07-09T02:01:04Z
124,runIncludedSourceConcepts,8e5fe283fd588baa405cbc3e6b78b7be,2020-07-09T02:01:04Z
110,runIncludedSourceConcepts,6f7999735cc59a826e63df00569eecf0,2020-07-09T02:01:04Z
142,runIncludedSourceConcepts,c0bb6b894adbac60b512595bfb456f91,2020-07-09T02:01:04Z
143,runIncludedSourceConcepts,723d0ea835f9abdd82e2d4d5362b1733,2020-07-09T02:01:04Z
144,runIncludedSourceConcepts,61b955734642786554b3203794077f52,2020-07-09T02:01:04Z
145,runIncludedSourceConcepts,6c95686ee1fb1ed03e6a04f668d4a14a,2020-07-09T02:01:04Z
146,runIncludedSourceConcepts,7cd34b37fa7b0497614376aacacc0a01,2020-07-09T02:01:04Z
147,runIncludedSourceConcepts,abad1f7844d4a45d280e41576472505e,2020-07-09T02:01:04Z
148,runIncludedSourceConcepts,33ebac69c8577e1ec265774a11f9a15d,2020-07-09T02:01:04Z
149,runIncludedSourceConcepts,aae737cc342f415ebc7f9c4c9f14ca44,2020-07-09T02:01:04Z
150,runIncludedSourceConcepts,a5d7a7bc130bd67e2d1ff64cea7dd736,2020-07-09T02:01:04Z
151,runIncludedSourceConcepts,0d2d555c76df25917e29f430a53ef3bd,2020-07-09T02:01:04Z
152,runIncludedSourceConcepts,5a24ca474d9a34d865da073e7c4c9518,2020-07-09T02:01:04Z
153,runIncludedSourceConcepts,b7599a3193763a9f2c8cdd8d85ba6722,2020-07-09T02:01:04Z
154,runIncludedSourceConcepts,56bd21b9863b41afd2bc6814203a396f,2020-07-09T02:01:04Z
155,runIncludedSourceConcepts,d2c3e1a881fee1affceb81f1285f0289,2020-07-09T02:01:04Z
156,runIncludedSourceConcepts,025362be1b3aa1f9737b02179b01c3e3,2020-07-09T02:01:04Z
157,runIncludedSourceConcepts,880f712df2a680bcbfea9b3f6cc02380,2020-07-09T02:01:04Z
158,runIncludedSourceConcepts,322db0d1526397a74f4247ddec3fe85c,2020-07-09T02:01:04Z
159,runIncludedSourceConcepts,eb8ffeb30c375177e3202501375997ea,2020-07-09T02:01:04Z
160,runIncludedSourceConcepts,0915582449c5b85a52917085e78f09ca,2020-07-09T02:01:04Z
161,runIncludedSourceConcepts,c63e282184bd68ab0b36ce9de1159482,2020-07-09T02:01:04Z
162,runIncludedSourceConcepts,3c8ddac5fb9bb57c7d70ba651d6dfc06,2020-07-09T02:01:04Z
163,runIncludedSourceConcepts,c7481fbac3ceb6c545b69df3fa72faf8,2020-07-09T02:01:04Z
164,runIncludedSourceConcepts,ac38fc81440d1b4b9e073d80b8f5e234,2020-07-09T02:01:04Z
165,runIncludedSourceConcepts,968b9d68788ea3a400441214f5d022c0,2020-07-09T02:01:04Z
166,runIncludedSourceConcepts,2e116760014e067370e005eb51919824,2020-07-09T02:01:04Z
167,runIncludedSourceConcepts,4cd368b1b48f3b96be1767e10749aef0,2020-07-09T02:01:04Z
168,runIncludedSourceConcepts,9d8dc742570146c7c08b3ec07765c4ad,2020-07-09T02:01:04Z
169,runIncludedSourceConcepts,6a605fe878a4edf39e172a6816afa7e4,2020-07-09T02:01:04Z
170,runIncludedSourceConcepts,8c10a0838692a9088dfc1d654974d43a,2020-07-09T02:01:04Z
171,runIncludedSourceConcepts,836adecd86d874d28501dadcee52dec3,2020-07-09T02:01:04Z
172,runIncludedSourceConcepts,27f561132dd1281d3ead650b94e8ba50,2020-07-09T02:01:04Z
173,runIncludedSourceConcepts,c0a46e5514620991aff513895fcb05ec,2020-07-09T02:01:04Z
174,runIncludedSourceConcepts,4fe63df216d47b8623c152b2ba55ce24,2020-07-09T02:01:04Z
175,runIncludedSourceConcepts,ca3613c842eaffa1f645c848fced06e0,2020-07-09T02:01:04Z
176,runIncludedSourceConcepts,99e9714c0f31368118a2f45164251384,2020-07-09T02:01:04Z
177,runIncludedSourceConcepts,cd0bacf7c3899adf1910e333d8e92daf,2020-07-09T02:01:04Z
178,runIncludedSourceConcepts,7d77ca93146102d514303dbb9189d908,2020-07-09T02:01:04Z
179,runIncludedSourceConcepts,38571e24d14bd3e484975ab60a9d1838,2020-07-09T02:01:04Z
180,runIncludedSourceConcepts,1371bfdc6c32ca541358d456eb5b27d6,2020-07-09T02:01:04Z
181,runIncludedSourceConcepts,ea00a9ef29c76aff5d59a97a28295b6d,2020-07-09T02:01:04Z
182,runIncludedSourceConcepts,367b97057824cb40606437af416a0908,2020-07-09T02:01:04Z
183,runIncludedSourceConcepts,4e5f9e6f7e2c9bb106caaed93fd3b563,2020-07-09T02:01:04Z
184,runIncludedSourceConcepts,1a350b2f63cc538b54484689f366cd26,2020-07-09T02:01:04Z
185,runIncludedSourceConcepts,e48ac66873de1b15a2ee920a4b60bf27,2020-07-09T02:01:04Z
186,runIncludedSourceConcepts,c8cead08cc1b5c59864083d36d1988f9,2020-07-09T02:01:04Z
187,runIncludedSourceConcepts,996225df68294cb4c955eeb7e65f8a70,2020-07-09T02:01:04Z
188,runIncludedSourceConcepts,de97aa46afda64eeb6e1a3b583ebb632,2020-07-09T02:01:04Z
189,runIncludedSourceConcepts,d2d6a1f5640df4968f2dbb5e3f1d47e9,2020-07-09T02:01:04Z
190,runIncludedSourceConcepts,d29db46477f7965c9b07f51757326573,2020-07-09T02:01:04Z
191,runIncludedSourceConcepts,0e3f140d05d19dfb2a1ec858eb4f1c4a,2020-07-09T02:01:04Z
192,runIncludedSourceConcepts,ed9d2b9e7648a1581867ce44835cdce3,2020-07-09T02:01:04Z
193,runIncludedSourceConcepts,856d2a9e5848e26ed82f0e99993de1f5,2020-07-09T02:01:04Z
194,runIncludedSourceConcepts,21acf9650f284770514b49e6d33853f3,2020-07-09T02:01:04Z
195,runIncludedSourceConcepts,cac2862ed27ae561d477b039d1a1f2f9,2020-07-09T02:01:04Z
196,runIncludedSourceConcepts,a989c67e0182cd31e4170fa52f51c72e,2020-07-09T02:01:04Z
197,runIncludedSourceConcepts,01d73d192e31dd36f2d4c2bd804d359b,2020-07-09T02:01:04Z
198,runIncludedSourceConcepts,28523809a69d7c624e6b1052571baf74,2020-07-09T02:01:04Z
121,runOrphanConcepts,552f440304b3134b5964b15425dcd48a,2020-07-09T02:02:16Z
122,runOrphanConcepts,838d716a0753e1d9f236f5a99761fdde,2020-07-09T02:02:16Z
123,runOrphanConcepts,b38ddd52cacf6c916e7fc48962f40ff0,2020-07-09T02:02:16Z
124,runOrphanConcepts,8e5fe283fd588baa405cbc3e6b78b7be,2020-07-09T02:02:16Z
110,runOrphanConcepts,6f7999735cc59a826e63df00569eecf0,2020-07-09T02:02:16Z
142,runOrphanConcepts,c0bb6b894adbac60b512595bfb456f91,2020-07-09T02:02:16Z
143,runOrphanConcepts,723d0ea835f9abdd82e2d4d5362b1733,2020-07-09T02:02:16Z
144,runOrphanConcepts,61b955734642786554b3203794077f52,2020-07-09T02:02:16Z
145,runOrphanConcepts,6c95686ee1fb1ed03e6a04f668d4a14a,2020-07-09T02:02:16Z
146,runOrphanConcepts,7cd34b37fa7b0497614376aacacc0a01,2020-07-09T02:02:16Z
147,runOrphanConcepts,abad1f7844d4a45d280e41576472505e,2020-07-09T02:02:16Z
148,runOrphanConcepts,33ebac69c8577e1ec265774a11f9a15d,2020-07-09T02:02:16Z
149,runOrphanConcepts,aae737cc342f415ebc7f9c4c9f14ca44,2020-07-09T02:02:16Z
150,runOrphanConcepts,a5d7a7bc130bd67e2d1ff64cea7dd736,2020-07-09T02:02:16Z
151,runOrphanConcepts,0d2d555c76df25917e29f430a53ef3bd,2020-07-09T02:02:16Z
152,runOrphanConcepts,5a24ca474d9a34d865da073e7c4c9518,2020-07-09T02:02:16Z
153,runOrphanConcepts,b7599a3193763a9f2c8cdd8d85ba6722,2020-07-09T02:02:16Z
154,runOrphanConcepts,56bd21b9863b41afd2bc6814203a396f,2020-07-09T02:02:16Z
155,runOrphanConcepts,d2c3e1a881fee1affceb81f1285f0289,2020-07-09T02:02:16Z
156,runOrphanConcepts,025362be1b3aa1f9737b02179b01c3e3,2020-07-09T02:02:16Z
157,runOrphanConcepts,880f712df2a680bcbfea9b3f6cc02380,2020-07-09T02:02:16Z
158,runOrphanConcepts,322db0d1526397a74f4247ddec3fe85c,2020-07-09T02:02:16Z
159,runOrphanConcepts,eb8ffeb30c375177e3202501375997ea,2020-07-09T02:02:16Z
160,runOrphanConcepts,0915582449c5b85a52917085e78f09ca,2020-07-09T02:02:16Z
161,runOrphanConcepts,c63e282184bd68ab0b36ce9de1159482,2020-07-09T02:02:16Z
162,runOrphanConcepts,3c8ddac5fb9bb57c7d70ba651d6dfc06,2020-07-09T02:02:16Z
163,runOrphanConcepts,c7481fbac3ceb6c545b69df3fa72faf8,2020-07-09T02:02:16Z
164,runOrphanConcepts,ac38fc81440d1b4b9e073d80b8f5e234,2020-07-09T02:02:16Z
165,runOrphanConcepts,968b9d68788ea3a400441214f5d022c0,2020-07-09T02:02:16Z
166,runOrphanConcepts,2e116760014e067370e005eb51919824,2020-07-09T02:02:16Z
167,runOrphanConcepts,4cd368b1b48f3b96be1767e10749aef0,2020-07-09T02:02:16Z
168,runOrphanConcepts,9d8dc742570146c7c08b3ec07765c4ad,2020-07-09T02:02:16Z
169,runOrphanConcepts,6a605fe878a4edf39e172a6816afa7e4,2020-07-09T02:02:16Z
170,runOrphanConcepts,8c10a0838692a9088dfc1d654974d43a,2020-07-09T02:02:16Z
171,runOrphanConcepts,836adecd86d874d28501dadcee52dec3,2020-07-09T02:02:16Z
172,runOrphanConcepts,27f561132dd1281d3ead650b94e8ba50,2020-07-09T02:02:16Z
173,runOrphanConcepts,c0a46e5514620991aff513895fcb05ec,2020-07-09T02:02:16Z
174,runOrphanConcepts,4fe63df216d47b8623c152b2ba55ce24,2020-07-09T02:02:16Z
175,runOrphanConcepts,ca3613c842eaffa1f645c848fced06e0,2020-07-09T02:02:16Z
176,runOrphanConcepts,99e9714c0f31368118a2f45164251384,2020-07-09T02:02:16Z
177,runOrphanConcepts,cd0bacf7c3899adf1910e333d8e92daf,2020-07-09T02:02:16Z
178,runOrphanConcepts,7d77ca93146102d514303dbb9189d908,2020-07-09T02:02:16Z
179,runOrphanConcepts,38571e24d14bd3e484975ab60a9d1838,2020-07-09T02:02:16Z
180,runOrphanConcepts,1371bfdc6c32ca541358d456eb5b27d6,2020-07-09T02:02:16Z
181,runOrphanConcepts,ea00a9ef29c76aff5d59a97a28295b6d,2020-07-09T02:02:16Z
182,runOrphanConcepts,367b97057824cb40606437af416a0908,2020-07-09T02:02:16Z
183,runOrphanConcepts,4e5f9e6f7e2c9bb106caaed93fd3b563,2020-07-09T02:02:16Z
184,runOrphanConcepts,1a350b2f63cc538b54484689f366cd26,2020-07-09T02:02:16Z
185,runOrphanConcepts,e48ac66873de1b15a2ee920a4b60bf27,2020-07-09T02:02:16Z
186,runOrphanConcepts,c8cead08cc1b5c59864083d36d1988f9,2020-07-09T02:02:16Z
187,runOrphanConcepts,996225df68294cb4c955eeb7e65f8a70,2020-07-09T02:02:16Z
188,runOrphanConcepts,de97aa46afda64eeb6e1a3b583ebb632,2020-07-09T02:02:16Z
189,runOrphanConcepts,d2d6a1f5640df4968f2dbb5e3f1d47e9,2020-07-09T02:02:16Z
190,runOrphanConcepts,d29db46477f7965c9b07f51757326573,2020-07-09T02:02:16Z
191,runOrphanConcepts,0e3f140d05d19dfb2a1ec858eb4f1c4a,2020-07-09T02:02:16Z
192,runOrphanConcepts,ed9d2b9e7648a1581867ce44835cdce3,2020-07-09T02:02:16Z
193,runOrphanConcepts,856d2a9e5848e26ed82f0e99993de1f5,2020-07-09T02:02:16Z
194,runOrphanConcepts,21acf9650f284770514b49e6d33853f3,2020-07-09T02:02:16Z
195,runOrphanConcepts,cac2862ed27ae561d477b039d1a1f2f9,2020-07-09T02:02:16Z
196,runOrphanConcepts,a989c67e0182cd31e4170fa52f51c72e,2020-07-09T02:02:16Z
197,runOrphanConcepts,01d73d192e31dd36f2d4c2bd804d359b,2020-07-09T02:02:16Z
198,runOrphanConcepts,28523809a69d7c624e6b1052571baf74,2020-07-09T02:02:16Z
121,runTimeDistributions,552f440304b3134b5964b15425dcd48a,2020-07-09T02:03:00Z
122,runTimeDistributions,838d716a0753e1d9f236f5a99761fdde,2020-07-09T02:03:00Z
123,runTimeDistributions,b38ddd52cacf6c916e7fc48962f40ff0,2020-07-09T02:03:00Z
124,runTimeDistributions,8e5fe283fd588baa405cbc3e6b78b7be,2020-07-09T02:03:00Z
110,runTimeDistributions,6f7999735cc59a826e63df00569eecf0,2020-07-09T02:03:00Z
142,runTimeDistributions,c0bb6b894adbac60b512595bfb456f91,2020-07-09T02:03:00Z
143,runTimeDistributions,723d0ea835f9abdd82e2d4d5362b1733,2020-07-09T02:03:00Z
144,runTimeDistributions,61b955734642786554b3203794077f52,2020-07-09T02:03:00Z
145,runTimeDistributions,6c95686ee1fb1ed03e6a04f668d4a14a,2020-07-09T02:03:00Z
146,runTimeDistributions,7cd34b37fa7b0497614376aacacc0a01,2020-07-09T02:03:00Z
147,runTimeDistributions,abad1f7844d4a45d280e41576472505e,2020-07-09T02:03:00Z
148,runTimeDistributions,33ebac69c8577e1ec265774a11f9a15d,2020-07-09T02:03:00Z
149,runTimeDistributions,aae737cc342f415ebc7f9c4c9f14ca44,2020-07-09T02:03:00Z
150,runTimeDistributions,a5d7a7bc130bd67e2d1ff64cea7dd736,2020-07-09T02:03:00Z
151,runTimeDistributions,0d2d555c76df25917e29f430a53ef3bd,2020-07-09T02:03:00Z
152,runTimeDistributions,5a24ca474d9a34d865da073e7c4c9518,2020-07-09T02:03:00Z
153,runTimeDistributions,b7599a3193763a9f2c8cdd8d85ba6722,2020-07-09T02:03:00Z
154,runTimeDistributions,56bd21b9863b41afd2bc6814203a396f,2020-07-09T02:03:00Z
155,runTimeDistributions,d2c3e1a881fee1affceb81f1285f0289,2020-07-09T02:03:00Z
156,runTimeDistributions,025362be1b3aa1f9737b02179b01c3e3,2020-07-09T02:03:00Z
157,runTimeDistributions,880f712df2a680bcbfea9b3f6cc02380,2020-07-09T02:03:00Z
158,runTimeDistributions,322db0d1526397a74f4247ddec3fe85c,2020-07-09T02:03:00Z
159,runTimeDistributions,eb8ffeb30c375177e3202501375997ea,2020-07-09T02:03:00Z
160,runTimeDistributions,0915582449c5b85a52917085e78f09ca,2020-07-09T02:03:00Z
161,runTimeDistributions,c63e282184bd68ab0b36ce9de1159482,2020-07-09T02:03:00Z
162,runTimeDistributions,3c8ddac5fb9bb57c7d70ba651d6dfc06,2020-07-09T02:03:00Z
163,runTimeDistributions,c7481fbac3ceb6c545b69df3fa72faf8,2020-07-09T02:03:00Z
164,runTimeDistributions,ac38fc81440d1b4b9e073d80b8f5e234,2020-07-09T02:03:00Z
165,runTimeDistributions,968b9d68788ea3a400441214f5d022c0,2020-07-09T02:03:00Z
166,runTimeDistributions,2e116760014e067370e005eb51919824,2020-07-09T02:03:00Z
167,runTimeDistributions,4cd368b1b48f3b96be1767e10749aef0,2020-07-09T02:03:00Z
168,runTimeDistributions,9d8dc742570146c7c08b3ec07765c4ad,2020-07-09T02:03:00Z
169,runTimeDistributions,6a605fe878a4edf39e172a6816afa7e4,2020-07-09T02:03:00Z
170,runTimeDistributions,8c10a0838692a9088dfc1d654974d43a,2020-07-09T02:03:00Z
171,runTimeDistributions,836adecd86d874d28501dadcee52dec3,2020-07-09T02:03:00Z
172,runTimeDistributions,27f561132dd1281d3ead650b94e8ba50,2020-07-09T02:03:00Z
173,runTimeDistributions,c0a46e5514620991aff513895fcb05ec,2020-07-09T02:03:00Z
174,runTimeDistributions,4fe63df216d47b8623c152b2ba55ce24,2020-07-09T02:03:00Z
175,runTimeDistributions,ca3613c842eaffa1f645c848fced06e0,2020-07-09T02:03:00Z
176,runTimeDistributions,99e9714c0f31368118a2f45164251384,2020-07-09T02:03:00Z
177,runTimeDistributions,cd0bacf7c3899adf1910e333d8e92daf,2020-07-09T02:03:00Z
178,runTimeDistributions,7d77ca93146102d514303dbb9189d908,2020-07-09T02:03:00Z
179,runTimeDistributions,38571e24d14bd3e484975ab60a9d1838,2020-07-09T02:03:00Z
180,runTimeDistributions,1371bfdc6c32ca541358d456eb5b27d6,2020-07-09T02:03:00Z
181,runTimeDistributions,ea00a9ef29c76aff5d59a97a28295b6d,2020-07-09T02:03:00Z
182,runTimeDistributions,367b97057824cb40606437af416a0908,2020-07-09T02:03:00Z
183,runTimeDistributions,4e5f9e6f7e2c9bb106caaed93fd3b563,2020-07-09T02:03:00Z
184,runTimeDistributions,1a350b2f63cc538b54484689f366cd26,2020-07-09T02:03:00Z
185,runTimeDistributions,e48ac66873de1b15a2ee920a4b60bf27,2020-07-09T02:03:00Z
186,runTimeDistributions,c8cead08cc1b5c59864083d36d1988f9,2020-07-09T02:03:00Z
187,runTimeDistributions,996225df68294cb4c955eeb7e65f8a70,2020-07-09T02:03:00Z
188,runTimeDistributions,de97aa46afda64eeb6e1a3b583ebb632,2020-07-09T02:03:00Z
189,runTimeDistributions,d2d6a1f5640df4968f2dbb5e3f1d47e9,2020-07-09T02:03:00Z
190,runTimeDistributions,d29db46477f7965c9b07f51757326573,2020-07-09T02:03:00Z
191,runTimeDistributions,0e3f140d05d19dfb2a1ec858eb4f1c4a,2020-07-09T02:03:00Z
192,runTimeDistributions,ed9d2b9e7648a1581867ce44835cdce3,2020-07-09T02:03:00Z
193,runTimeDistributions,856d2a9e5848e26ed82f0e99993de1f5,2020-07-09T02:03:00Z
194,runTimeDistributions,21acf9650f284770514b49e6d33853f3,2020-07-09T02:03:00Z
195,runTimeDistributions,cac2862ed27ae561d477b039d1a1f2f9,2020-07-09T02:03:00Z
196,runTimeDistributions,a989c67e0182cd31e4170fa52f51c72e,2020-07-09T02:03:00Z
197,runTimeDistributions,01d73d192e31dd36f2d4c2bd804d359b,2020-07-09T02:03:00Z
198,runTimeDistributions,28523809a69d7c624e6b1052571baf74,2020-07-09T02:03:00Z
121,runBreakdownIndexEvents,552f440304b3134b5964b15425dcd48a,2020-07-09T02:03:11Z
122,runBreakdownIndexEvents,838d716a0753e1d9f236f5a99761fdde,2020-07-09T02:03:11Z
123,runBreakdownIndexEvents,b38ddd52cacf6c916e7fc48962f40ff0,2020-07-09T02:03:11Z
124,runBreakdownIndexEvents,8e5fe283fd588baa405cbc3e6b78b7be,2020-07-09T02:03:11Z
110,runBreakdownIndexEvents,6f7999735cc59a826e63df00569eecf0,2020-07-09T02:03:11Z
142,runBreakdownIndexEvents,c0bb6b894adbac60b512595bfb456f91,2020-07-09T02:03:11Z
143,runBreakdownIndexEvents,723d0ea835f9abdd82e2d4d5362b1733,2020-07-09T02:03:11Z
144,runBreakdownIndexEvents,61b955734642786554b3203794077f52,2020-07-09T02:03:11Z
145,runBreakdownIndexEvents,6c95686ee1fb1ed03e6a04f668d4a14a,2020-07-09T02:03:11Z
146,runBreakdownIndexEvents,7cd34b37fa7b0497614376aacacc0a01,2020-07-09T02:03:11Z
147,runBreakdownIndexEvents,abad1f7844d4a45d280e41576472505e,2020-07-09T02:03:11Z
148,runBreakdownIndexEvents,33ebac69c8577e1ec265774a11f9a15d,2020-07-09T02:03:11Z
149,runBreakdownIndexEvents,aae737cc342f415ebc7f9c4c9f14ca44,2020-07-09T02:03:11Z
150,runBreakdownIndexEvents,a5d7a7bc130bd67e2d1ff64cea7dd736,2020-07-09T02:03:11Z
151,runBreakdownIndexEvents,0d2d555c76df25917e29f430a53ef3bd,2020-07-09T02:03:11Z
152,runBreakdownIndexEvents,5a24ca474d9a34d865da073e7c4c9518,2020-07-09T02:03:11Z
153,runBreakdownIndexEvents,b7599a3193763a9f2c8cdd8d85ba6722,2020-07-09T02:03:11Z
154,runBreakdownIndexEvents,56bd21b9863b41afd2bc6814203a396f,2020-07-09T02:03:11Z
155,runBreakdownIndexEvents,d2c3e1a881fee1affceb81f1285f0289,2020-07-09T02:03:11Z
156,runBreakdownIndexEvents,025362be1b3aa1f9737b02179b01c3e3,2020-07-09T02:03:11Z
157,runBreakdownIndexEvents,880f712df2a680bcbfea9b3f6cc02380,2020-07-09T02:03:11Z
158,runBreakdownIndexEvents,322db0d1526397a74f4247ddec3fe85c,2020-07-09T02:03:11Z
159,runBreakdownIndexEvents,eb8ffeb30c375177e3202501375997ea,2020-07-09T02:03:11Z
160,runBreakdownIndexEvents,0915582449c5b85a52917085e78f09ca,2020-07-09T02:03:11Z
161,runBreakdownIndexEvents,c63e282184bd68ab0b36ce9de1159482,2020-07-09T02:03:11Z
162,runBreakdownIndexEvents,3c8ddac5fb9bb57c7d70ba651d6dfc06,2020-07-09T02:03:11Z
163,runBreakdownIndexEvents,c7481fbac3ceb6c545b69df3fa72faf8,2020-07-09T02:03:11Z
164,runBreakdownIndexEvents,ac38fc81440d1b4b9e073d80b8f5e234,2020-07-09T02:03:11Z
165,runBreakdownIndexEvents,968b9d68788ea3a400441214f5d022c0,2020-07-09T02:03:11Z
166,runBreakdownIndexEvents,2e116760014e067370e005eb51919824,2020-07-09T02:03:11Z
167,runBreakdownIndexEvents,4cd368b1b48f3b96be1767e10749aef0,2020-07-09T02:03:11Z
168,runBreakdownIndexEvents,9d8dc742570146c7c08b3ec07765c4ad,2020-07-09T02:03:11Z
169,runBreakdownIndexEvents,6a605fe878a4edf39e172a6816afa7e4,2020-07-09T02:03:11Z
170,runBreakdownIndexEvents,8c10a0838692a9088dfc1d654974d43a,2020-07-09T02:03:11Z
171,runBreakdownIndexEvents,836adecd86d874d28501dadcee52dec3,2020-07-09T02:03:11Z
172,runBreakdownIndexEvents,27f561132dd1281d3ead650b94e8ba50,2020-07-09T02:03:11Z
173,runBreakdownIndexEvents,c0a46e5514620991aff513895fcb05ec,2020-07-09T02:03:11Z
174,runBreakdownIndexEvents,4fe63df216d47b8623c152b2ba55ce24,2020-07-09T02:03:11Z
175,runBreakdownIndexEvents,ca3613c842eaffa1f645c848fced06e0,2020-07-09T02:03:11Z
176,runBreakdownIndexEvents,99e9714c0f31368118a2f45164251384,2020-07-09T02:03:11Z
177,runBreakdownIndexEvents,cd0bacf7c3899adf1910e333d8e92daf,2020-07-09T02:03:11Z
178,runBreakdownIndexEvents,7d77ca93146102d514303dbb9189d908,2020-07-09T02:03:11Z
179,runBreakdownIndexEvents,38571e24d14bd3e484975ab60a9d1838,2020-07-09T02:03:11Z
180,runBreakdownIndexEvents,1371bfdc6c32ca541358d456eb5b27d6,2020-07-09T02:03:11Z
181,runBreakdownIndexEvents,ea00a9ef29c76aff5d59a97a28295b6d,2020-07-09T02:03:11Z
182,runBreakdownIndexEvents,367b97057824cb40606437af416a0908,2020-07-09T02:03:11Z
183,runBreakdownIndexEvents,4e5f9e6f7e2c9bb106caaed93fd3b563,2020-07-09T02:03:11Z
184,runBreakdownIndexEvents,1a350b2f63cc538b54484689f366cd26,2020-07-09T02:03:11Z
185,runBreakdownIndexEvents,e48ac66873de1b15a2ee920a4b60bf27,2020-07-09T02:03:11Z
186,runBreakdownIndexEvents,c8cead08cc1b5c59864083d36d1988f9,2020-07-09T02:03:11Z
187,runBreakdownIndexEvents,996225df68294cb4c955eeb7e65f8a70,2020-07-09T02:03:11Z
188,runBreakdownIndexEvents,de97aa46afda64eeb6e1a3b583ebb632,2020-07-09T02:03:11Z
189,runBreakdownIndexEvents,d2d6a1f5640df4968f2dbb5e3f1d47e9,2020-07-09T02:03:11Z
190,runBreakdownIndexEvents,d29db46477f7965c9b07f51757326573,2020-07-09T02:03:11Z
191,runBreakdownIndexEvents,0e3f140d05d19dfb2a1ec858eb4f1c4a,2020-07-09T02:03:11Z
192,runBreakdownIndexEvents,ed9d2b9e7648a1581867ce44835cdce3,2020-07-09T02:03:11Z
193,runBreakdownIndexEvents,856d2a9e5848e26ed82f0e99993de1f5,2020-07-09T02:03:11Z
194,runBreakdownIndexEvents,21acf9650f284770514b49e6d33853f3,2020-07-09T02:03:11Z
195,runBreakdownIndexEvents,cac2862ed27ae561d477b039d1a1f2f9,2020-07-09T02:03:11Z
196,runBreakdownIndexEvents,a989c67e0182cd31e4170fa52f51c72e,2020-07-09T02:03:11Z
197,runBreakdownIndexEvents,01d73d192e31dd36f2d4c2bd804d359b,2020-07-09T02:03:11Z
198,runBreakdownIndexEvents,28523809a69d7c624e6b1052571baf74,2020-07-09T02:03:11Z
121,runIncidenceRate,552f440304b3134b5964b15425dcd48a,2020-07-09T02:03:31Z
122,runIncidenceRate,838d716a0753e1d9f236f5a99761fdde,2020-07-09T02:03:31Z
123,runIncidenceRate,b38ddd52cacf6c916e7fc48962f40ff0,2020-07-09T02:03:31Z
124,runIncidenceRate,8e5fe283fd588baa405cbc3e6b78b7be,2020-07-09T02:03:31Z
110,runIncidenceRate,6f7999735cc59a826e63df00569eecf0,2020-07-09T02:03:31Z
142,runIncidenceRate,c0bb6b894adbac60b512595bfb456f91,2020-07-09T02:03:31Z
143,runIncidenceRate,723d0ea835f9abdd82e2d4d5362b1733,2020-07-09T02:03:31Z
144,runIncidenceRate,61b955734642786554b3203794077f52,2020-07-09T02:03:31Z
145,runIncidenceRate,6c95686ee1fb1ed03e6a04f668d4a14a,2020-07-09T02:03:31Z
146,runIncidenceRate,7cd34b37fa7b0497614376aacacc0a01,2020-07-09T02:03:31Z
147,runIncidenceRate,abad1f7844d4a45d280e41576472505e,2020-07-09T02:03:31Z
148,runIncidenceRate,33ebac69c8577e1ec265774a11f9a15d,2020-07-09T02:03:31Z
149,runIncidenceRate,aae737cc342f415ebc7f9c4c9f14ca44,2020-07-09T02:03:31Z
150,runIncidenceRate,a5d7a7bc130bd67e2d1ff64cea7dd736,2020-07-09T02:03:31Z
151,runIncidenceRate,0d2d555c76df25917e29f430a53ef3bd,2020-07-09T02:03:31Z
152,runIncidenceRate,5a24ca474d9a34d865da073e7c4c9518,2020-07-09T02:03:31Z
153,runIncidenceRate,b7599a3193763a9f2c8cdd8d85ba6722,2020-07-09T02:03:31Z
154,runIncidenceRate,56bd21b9863b41afd2bc6814203a396f,2020-07-09T02:03:31Z
155,runIncidenceRate,d2c3e1a881fee1affceb81f1285f0289,2020-07-09T02:03:31Z
156,runIncidenceRate,025362be1b3aa1f9737b02179b01c3e3,2020-07-09T02:03:31Z
157,runIncidenceRate,880f712df2a680bcbfea9b3f6cc02380,2020-07-09T02:03:31Z
158,runIncidenceRate,322db0d1526397a74f4247ddec3fe85c,2020-07-09T02:03:31Z
159,runIncidenceRate,eb8ffeb30c375177e3202501375997ea,2020-07-09T02:03:31Z
160,runIncidenceRate,0915582449c5b85a52917085e78f09ca,2020-07-09T02:03:31Z
161,runIncidenceRate,c63e282184bd68ab0b36ce9de1159482,2020-07-09T02:03:31Z
162,runIncidenceRate,3c8ddac5fb9bb57c7d70ba651d6dfc06,2020-07-09T02:03:31Z
163,runIncidenceRate,c7481fbac3ceb6c545b69df3fa72faf8,2020-07-09T02:03:31Z
164,runIncidenceRate,ac38fc81440d1b4b9e073d80b8f5e234,2020-07-09T02:03:31Z
165,runIncidenceRate,968b9d68788ea3a400441214f5d022c0,2020-07-09T02:03:31Z
166,runIncidenceRate,2e116760014e067370e005eb51919824,2020-07-09T02:03:31Z
167,runIncidenceRate,4cd368b1b48f3b96be1767e10749aef0,2020-07-09T02:03:31Z
168,runIncidenceRate,9d8dc742570146c7c08b3ec07765c4ad,2020-07-09T02:03:31Z
169,runIncidenceRate,6a605fe878a4edf39e172a6816afa7e4,2020-07-09T02:03:31Z
170,runIncidenceRate,8c10a0838692a9088dfc1d654974d43a,2020-07-09T02:03:31Z
171,runIncidenceRate,836adecd86d874d28501dadcee52dec3,2020-07-09T02:03:31Z
172,runIncidenceRate,27f561132dd1281d3ead650b94e8ba50,2020-07-09T02:03:31Z
173,runIncidenceRate,c0a46e5514620991aff513895fcb05ec,2020-07-09T02:03:31Z
174,runIncidenceRate,4fe63df216d47b8623c152b2ba55ce24,2020-07-09T02:03:31Z
175,runIncidenceRate,ca3613c842eaffa1f645c848fced06e0,2020-07-09T02:03:31Z
176,runIncidenceRate,99e9714c0f31368118a2f45164251384,2020-07-09T02:03:31Z
177,runIncidenceRate,cd0bacf7c3899adf1910e333d8e92daf,2020-07-09T02:03:31Z
178,runIncidenceRate,7d77ca93146102d514303dbb9189d908,2020-07-09T02:03:31Z
179,runIncidenceRate,38571e24d14bd3e484975ab60a9d1838,2020-07-09T02:03:31Z
180,runIncidenceRate,1371bfdc6c32ca541358d456eb5b27d6,2020-07-09T02:03:31Z
181,runIncidenceRate,ea00a9ef29c76aff5d59a97a28295b6d,2020-07-09T02:03:31Z
182,runIncidenceRate,367b97057824cb40606437af416a0908,2020-07-09T02:03:31Z
183,runIncidenceRate,4e5f9e6f7e2c9bb106caaed93fd3b563,2020-07-09T02:03:31Z
184,runIncidenceRate,1a350b2f63cc538b54484689f366cd26,2020-07-09T02:03:31Z
185,runIncidenceRate,e48ac66873de1b15a2ee920a4b60bf27,2020-07-09T02:03:31Z
186,runIncidenceRate,c8cead08cc1b5c59864083d36d1988f9,2020-07-09T02:03:31Z
187,runIncidenceRate,996225df68294cb4c955eeb7e65f8a70,2020-07-09T02:03:31Z
188,runIncidenceRate,de97aa46afda64eeb6e1a3b583ebb632,2020-07-09T02:03:31Z
189,runIncidenceRate,d2d6a1f5640df4968f2dbb5e3f1d47e9,2020-07-09T02:03:31Z
190,runIncidenceRate,d29db46477f7965c9b07f51757326573,2020-07-09T02:03:31Z
191,runIncidenceRate,0e3f140d05d19dfb2a1ec858eb4f1c4a,2020-07-09T02:03:31Z
192,runIncidenceRate,ed9d2b9e7648a1581867ce44835cdce3,2020-07-09T02:03:31Z
193,runIncidenceRate,856d2a9e5848e26ed82f0e99993de1f5,2020-07-09T02:03:31Z
194,runIncidenceRate,21acf9650f284770514b49e6d33853f3,2020-07-09T02:03:31Z
195,runIncidenceRate,cac2862ed27ae561d477b039d1a1f2f9,2020-07-09T02:03:31Z
196,runIncidenceRate,a989c67e0182cd31e4170fa52f51c72e,2020-07-09T02:03:31Z
197,runIncidenceRate,01d73d192e31dd36f2d4c2bd804d359b,2020-07-09T02:03:31Z
198,runIncidenceRate,28523809a69d7c624e6b1052571baf74,2020-07-09T02:03:31Z
